Draw Date,NumberOne,Number Two,Number Three,Number Four,Number Five,Number 6,Bonus
Sat 19 Nov 1994,3,5,14,22,30,44,10
Sat 26 Nov 1994,6,12,15,16,31,44,37
Sat 03 Dec 1994,11,17,21,29,30,40,31
Sat 10 Dec 1994,26,35,38,43,47,49,28
Sat 17 Dec 1994,3,5,9,13,14,38,30
Sat 24 Dec 1994,2,3,27,29,39,44,6
Sat 31 Dec 1994,9,17,32,36,42,44,16
Sat 07 Jan 1995,2,5,21,22,25,32,46
Sat 14 Jan 1995,7,17,23,32,38,42,48
Sat 21 Jan 1995,6,16,20,30,31,47,4
Sat 28 Jan 1995,4,16,25,26,31,43,21
Sat 04 Feb 1995,1,7,37,38,42,46,20
Sat 11 Feb 1995,15,18,29,35,38,48,5
Sat 18 Feb 1995,16,19,21,29,36,45,43
Sat 25 Feb 1995,5,8,10,18,31,33,28
Sat 04 Mar 1995,11,12,17,26,36,42,13
Sat 11 Mar 1995,2,13,22,27,29,46,36
Sat 18 Mar 1995,9,18,19,24,31,41,21
Sat 25 Mar 1995,4,17,41,42,44,49,24
Sat 01 Apr 1995,22,25,30,32,41,43,29
Sat 08 Apr 1995,14,17,22,24,42,47,34
Sat 15 Apr 1995,1,4,6,23,26,49,8
Sat 22 Apr 1995,8,18,20,33,36,38,46
Sat 29 Apr 1995,9,15,22,31,34,48,23
Sat 06 May 1995,5,14,17,35,43,48,22
Sat 13 May 1995,7,16,25,26,28,41,19
Sat 20 May 1995,15,16,17,28,32,46,22
Sat 27 May 1995,12,13,25,37,44,45,9
Sat 03 Jun 1995,1,21,29,31,32,40,27
Sat 10 Jun 1995,12,15,26,44,46,49,14
Sat 17 Jun 1995,27,30,33,38,40,48,2
Sat 24 Jun 1995,5,15,21,42,43,45,20
Sat 01 Jul 1995,5,7,8,25,44,48,3
Sat 08 Jul 1995,1,3,11,14,20,40,45
Sat 15 Jul 1995,1,4,20,31,41,43,38
Sat 22 Jul 1995,2,3,21,22,23,40,24
Sat 29 Jul 1995,28,34,41,45,46,49,11
Sat 05 Aug 1995,1,8,25,30,35,45,15
Sat 12 Aug 1995,11,25,28,33,34,47,48
Sat 19 Aug 1995,5,8,23,24,28,48,19
Sat 26 Aug 1995,16,18,21,27,38,41,26
Sat 02 Sep 1995,1,15,22,28,40,49,44
Sat 09 Sep 1995,2,12,20,22,41,45,47
Sat 16 Sep 1995,2,10,14,25,37,41,5
Sat 23 Sep 1995,5,10,19,24,34,46,28
Sat 30 Sep 1995,10,11,29,32,33,40,16
Sat 07 Oct 1995,10,22,28,30,36,37,45
Sat 14 Oct 1995,4,5,9,25,30,47,17
Sat 21 Oct 1995,2,6,17,19,21,47,5
Sat 28 Oct 1995,7,16,27,33,35,44,5
Sat 04 Nov 1995,6,14,18,27,44,48,1
Sat 11 Nov 1995,7,10,23,28,30,48,3
Sat 18 Nov 1995,4,7,18,33,45,48,1
Sat 25 Nov 1995,16,23,28,30,42,46,45
Sat 02 Dec 1995,15,16,19,26,35,46,7
Sat 09 Dec 1995,5,11,12,26,29,33,20
Sat 16 Dec 1995,7,8,23,28,35,49,10
Sat 23 Dec 1995,6,11,34,40,47,49,16
Sat 30 Dec 1995,6,32,39,42,43,45,36
Sat 06 Jan 1996,2,3,4,13,42,44,24
Sat 13 Jan 1996,21,29,31,32,34,48,25
Sat 20 Jan 1996,5,23,25,30,33,37,3
Sat 27 Jan 1996,16,17,38,41,42,43,28
Sat 03 Feb 1996,2,9,22,26,32,44,40
Sat 10 Feb 1996,4,11,14,15,28,42,6
Sat 17 Feb 1996,4,14,15,16,18,22,33
Sat 24 Feb 1996,2,5,7,24,35,44,30
Sat 02 Mar 1996,9,11,12,24,41,45,6
Sat 09 Mar 1996,14,16,29,30,37,45,7
Sat 16 Mar 1996,2,12,19,28,38,48,45
Sat 23 Mar 1996,5,7,14,18,30,43,28
Sat 30 Mar 1996,12,26,27,28,37,49,43
Sat 06 Apr 1996,1,4,6,14,17,38,9
Sat 13 Apr 1996,23,38,40,44,47,49,12
Sat 20 Apr 1996,9,28,29,31,40,48,23
Sat 27 Apr 1996,4,6,11,18,31,48,41
Sat 04 May 1996,6,25,26,33,34,47,49
Sat 11 May 1996,7,10,12,22,34,48,11
Sat 18 May 1996,4,12,13,33,40,46,41
Sat 25 May 1996,8,20,26,34,42,43,25
Sat 01 Jun 1996,24,35,36,37,39,45,20
Sat 08 Jun 1996,11,15,17,25,32,46,29
Sat 15 Jun 1996,13,18,25,44,46,47,34
Sat 22 Jun 1996,3,4,7,11,17,40,20
Sat 29 Jun 1996,4,17,27,34,35,46,7
Sat 06 Jul 1996,13,26,43,44,45,47,36
Sat 13 Jul 1996,5,10,11,12,41,42,2
Sat 20 Jul 1996,6,14,20,25,34,44,45
Sat 27 Jul 1996,2,13,19,21,32,45,9
Sat 03 Aug 1996,13,17,26,28,31,36,44
Sat 10 Aug 1996,3,23,36,38,41,45,44
Sat 17 Aug 1996,2,28,33,39,42,44,46
Sat 24 Aug 1996,8,11,14,18,33,44,34
Sat 31 Aug 1996,3,5,14,27,44,47,43
Sat 07 Sep 1996,5,13,15,18,32,44,41
Sat 14 Sep 1996,2,9,10,11,38,48,1
Sat 21 Sep 1996,7,8,12,30,35,41,47
Sat 28 Sep 1996,19,23,26,31,36,39,3
Sat 05 Oct 1996,6,9,25,45,47,48,14
Sat 12 Oct 1996,15,16,25,30,39,45,14
Sat 19 Oct 1996,10,13,31,34,39,48,33
Sat 26 Oct 1996,1,3,9,20,30,35,36
Sat 02 Nov 1996,7,23,32,35,43,48,25
Sat 09 Nov 1996,8,24,27,41,43,49,5
Sat 16 Nov 1996,1,5,16,18,37,42,24
Sat 23 Nov 1996,16,33,34,43,46,49,47
Sat 30 Nov 1996,4,5,12,25,26,49,48
Sat 07 Dec 1996,6,13,17,22,42,47,30
Sat 14 Dec 1996,12,24,33,34,42,47,44
Sat 21 Dec 1996,5,26,35,38,42,45,46
Sat 28 Dec 1996,8,10,20,27,31,39,30
Sat 04 Jan 1997,11,13,14,27,40,41,23
Sat 11 Jan 1997,4,11,16,18,35,43,39
Sat 18 Jan 1997,3,21,22,26,31,48,43
Sat 25 Jan 1997,1,24,28,31,35,47,9
Sat 01 Feb 1997,12,16,20,28,36,48,34
Wed 05 Feb 1997,9,25,28,29,31,35,37
Sat 08 Feb 1997,9,13,27,30,36,47,15
Wed 12 Feb 1997,5,14,23,29,38,45,47
Sat 15 Feb 1997,7,14,21,34,38,47,13
Wed 19 Feb 1997,9,11,19,36,39,41,13
Sat 22 Feb 1997,1,5,8,9,23,27,22
Wed 26 Feb 1997,2,34,36,38,44,46,40
Sat 01 Mar 1997,2,8,23,33,42,49,14
Wed 05 Mar 1997,7,12,20,24,28,43,45
Sat 08 Mar 1997,5,12,20,29,39,42,22
Wed 12 Mar 1997,3,4,5,16,22,25,12
Sat 15 Mar 1997,7,24,37,39,40,43,15
Wed 19 Mar 1997,13,16,17,29,40,48,32
Sat 22 Mar 1997,14,27,39,40,41,43,21
Wed 26 Mar 1997,24,33,42,43,44,47,17
Sat 29 Mar 1997,17,19,31,36,39,40,25
Wed 02 Apr 1997,5,10,17,25,40,43,8
Sat 05 Apr 1997,1,3,28,31,41,46,33
Wed 09 Apr 1997,6,22,35,42,45,49,16
Sat 12 Apr 1997,9,27,29,37,42,44,21
Wed 16 Apr 1997,3,6,9,19,37,48,25
Sat 19 Apr 1997,1,14,16,25,32,37,11
Wed 23 Apr 1997,8,12,17,23,34,43,36
Sat 26 Apr 1997,6,10,14,25,27,38,5
Wed 30 Apr 1997,8,10,16,17,24,40,13
Sat 03 May 1997,6,20,29,31,35,40,21
Wed 07 May 1997,12,19,28,31,34,43,40
Sat 10 May 1997,12,19,22,23,25,44,2
Wed 14 May 1997,2,8,16,21,29,37,22
Sat 17 May 1997,2,9,13,18,27,48,24
Wed 21 May 1997,5,8,21,38,39,49,34
Sat 24 May 1997,3,21,23,25,26,33,24
Wed 28 May 1997,3,19,24,25,36,48,17
Sat 31 May 1997,2,5,9,28,29,45,49
Wed 04 Jun 1997,18,19,21,30,34,44,6
Sat 07 Jun 1997,12,14,21,25,30,40,3
Wed 11 Jun 1997,10,31,33,40,42,44,20
Sat 14 Jun 1997,3,8,10,16,43,44,34
Wed 18 Jun 1997,4,14,19,23,25,48,42
Sat 21 Jun 1997,1,17,26,27,30,44,47
Wed 25 Jun 1997,12,17,27,28,38,40,6
Sat 28 Jun 1997,2,9,14,36,43,48,27
Wed 02 Jul 1997,6,10,18,22,41,45,29
Sat 05 Jul 1997,1,4,11,36,43,44,41
Wed 09 Jul 1997,3,5,13,22,24,43,23
Sat 12 Jul 1997,4,9,27,37,44,45,7
Wed 16 Jul 1997,8,18,23,26,35,45,3
Sat 19 Jul 1997,7,19,36,44,45,47,4
Wed 23 Jul 1997,4,11,21,27,28,34,16
Sat 26 Jul 1997,9,15,20,27,30,41,31
Wed 30 Jul 1997,3,6,12,19,44,45,20
Sat 02 Aug 1997,2,16,28,37,43,47,31
Wed 06 Aug 1997,3,5,6,20,45,49,31
Sat 09 Aug 1997,1,18,20,25,30,31,44
Wed 13 Aug 1997,5,10,17,29,41,43,45
Sat 16 Aug 1997,2,9,19,20,38,49,11
Wed 20 Aug 1997,8,20,27,28,36,41,30
Sat 23 Aug 1997,4,10,25,36,44,47,29
Wed 27 Aug 1997,1,7,22,25,31,47,20
Sat 30 Aug 1997,6,20,30,33,38,46,42
Wed 03 Sep 1997,10,14,22,30,38,43,25
Sat 06 Sep 1997,20,22,26,36,40,41,16
Wed 10 Sep 1997,20,31,32,35,43,45,5
Sat 13 Sep 1997,1,2,5,31,32,40,44
Wed 17 Sep 1997,7,20,21,22,40,44,4
Sat 20 Sep 1997,9,30,38,40,43,44,31
Wed 24 Sep 1997,12,14,29,31,32,44,46
Sat 27 Sep 1997,15,21,29,32,33,40,42
Wed 01 Oct 1997,8,12,17,35,38,49,25
Sat 04 Oct 1997,12,19,28,36,40,46,38
Wed 08 Oct 1997,3,4,7,23,34,43,15
Sat 11 Oct 1997,15,17,18,27,34,40,29
Wed 15 Oct 1997,11,17,30,35,39,45,47
Sat 18 Oct 1997,4,9,25,28,32,46,47
Wed 22 Oct 1997,1,8,9,14,24,35,33
Sat 25 Oct 1997,10,21,27,38,40,44,34
Wed 29 Oct 1997,2,4,25,32,33,45,31
Sat 01 Nov 1997,9,10,14,16,37,39,28
Wed 05 Nov 1997,1,4,6,9,32,38,46
Sat 08 Nov 1997,5,24,34,37,40,48,33
Wed 12 Nov 1997,3,6,8,27,36,45,47
Sat 15 Nov 1997,11,14,23,32,34,35,41
Wed 19 Nov 1997,22,27,33,42,46,47,32
Sat 22 Nov 1997,8,14,24,28,39,45,29
Wed 26 Nov 1997,5,11,19,23,24,47,17
Sat 29 Nov 1997,2,8,21,29,46,47,28
Wed 03 Dec 1997,1,8,36,39,47,49,37
Sat 06 Dec 1997,5,9,19,21,30,49,43
Wed 10 Dec 1997,4,17,22,29,38,48,20
Sat 13 Dec 1997,3,4,11,14,30,32,46
Wed 17 Dec 1997,17,35,36,43,46,49,7
Sat 20 Dec 1997,1,2,7,26,34,38,14
Wed 24 Dec 1997,5,6,11,29,36,41,47
Sat 27 Dec 1997,14,21,28,31,40,46,9
Wed 31 Dec 1997,8,13,18,21,23,29,30
Sat 03 Jan 1998,1,13,26,28,35,45,30
Wed 07 Jan 1998,7,14,25,32,36,38,44
Sat 10 Jan 1998,3,10,11,27,47,49,8
Wed 14 Jan 1998,20,27,28,31,33,41,38
Sat 17 Jan 1998,14,31,33,38,46,48,26
Wed 21 Jan 1998,5,12,24,35,36,38,34
Sat 24 Jan 1998,1,4,6,14,24,49,22
Wed 28 Jan 1998,4,12,15,31,32,47,14
Sat 31 Jan 1998,17,22,30,40,46,48,10
Wed 04 Feb 1998,13,17,32,35,42,45,20
Sat 07 Feb 1998,9,25,27,31,42,45,24
Wed 11 Feb 1998,11,32,38,42,46,49,26
Sat 14 Feb 1998,8,13,14,17,20,28,10
Wed 18 Feb 1998,1,5,10,13,25,32,48
Sat 21 Feb 1998,2,16,25,27,37,45,10
Wed 25 Feb 1998,9,21,27,36,42,48,13
Sat 28 Feb 1998,1,7,15,18,30,31,9
Wed 04 Mar 1998,6,28,30,34,41,45,12
Sat 07 Mar 1998,4,11,14,39,43,44,37
Wed 11 Mar 1998,16,22,23,28,33,37,17
Sat 14 Mar 1998,2,15,18,26,36,38,42
Wed 18 Mar 1998,12,25,31,39,46,47,1
Sat 21 Mar 1998,2,15,23,26,41,43,5
Wed 25 Mar 1998,1,6,10,25,31,45,8
Sat 28 Mar 1998,11,13,23,28,29,37,8
Wed 01 Apr 1998,1,2,24,36,37,38,31
Sat 04 Apr 1998,5,19,24,33,38,48,20
Wed 08 Apr 1998,9,22,37,41,43,47,14
Sat 11 Apr 1998,7,10,31,35,43,44,37
Wed 15 Apr 1998,1,12,18,26,29,36,2
Sat 18 Apr 1998,1,13,29,31,33,42,9
Wed 22 Apr 1998,3,7,9,10,12,37,46
Sat 25 Apr 1998,17,22,36,38,43,48,16
Wed 29 Apr 1998,12,15,28,34,36,40,1
Sat 02 May 1998,2,4,16,24,29,49,47
Wed 06 May 1998,6,7,14,19,22,27,9
Sat 09 May 1998,2,9,25,26,35,40,47
Wed 13 May 1998,3,13,16,23,41,42,21
Sat 16 May 1998,2,4,6,10,34,44,21
Wed 20 May 1998,11,15,31,35,36,42,10
Sat 23 May 1998,8,20,24,35,43,47,32
Wed 27 May 1998,8,13,15,26,39,42,33
Sat 30 May 1998,2,3,14,29,38,40,43
Wed 03 Jun 1998,1,17,18,23,33,41,42
Sat 06 Jun 1998,1,15,23,31,42,48,5
Wed 10 Jun 1998,2,9,26,28,33,46,21
Sat 13 Jun 1998,2,7,10,15,27,45,31
Wed 17 Jun 1998,2,10,16,17,20,27,39
Sat 20 Jun 1998,1,14,27,31,38,47,32
Wed 24 Jun 1998,2,14,19,25,26,33,18
Sat 27 Jun 1998,7,9,11,23,30,43,35
Wed 01 Jul 1998,17,18,28,40,44,46,29
Sat 04 Jul 1998,9,15,25,29,32,49,14
Wed 08 Jul 1998,12,13,21,23,33,36,14
Sat 11 Jul 1998,3,14,23,30,39,43,32
Wed 15 Jul 1998,1,15,23,31,35,39,14
Sat 18 Jul 1998,3,11,20,33,42,44,36
Wed 22 Jul 1998,28,34,38,39,46,47,21
Sat 25 Jul 1998,18,25,36,38,43,44,19
Wed 29 Jul 1998,1,7,23,29,38,48,2
Sat 01 Aug 1998,12,14,31,41,48,49,6
Wed 05 Aug 1998,13,35,38,40,42,47,34
Sat 08 Aug 1998,2,5,17,21,45,47,25
Wed 12 Aug 1998,12,21,23,25,44,49,20
Sat 15 Aug 1998,3,5,15,22,31,35,47
Wed 19 Aug 1998,5,27,34,44,46,48,49
Sat 22 Aug 1998,2,10,11,27,32,38,6
Wed 26 Aug 1998,3,20,26,27,30,43,45
Sat 29 Aug 1998,10,12,37,42,44,45,20
Wed 02 Sep 1998,7,19,27,33,39,43,9
Sat 05 Sep 1998,9,10,11,27,42,47,8
Wed 09 Sep 1998,1,2,9,27,28,32,25
Sat 12 Sep 1998,3,15,23,25,28,33,29
Wed 16 Sep 1998,18,25,28,36,40,45,43
Sat 19 Sep 1998,24,26,27,28,34,40,9
Wed 23 Sep 1998,9,11,14,26,28,39,27
Sat 26 Sep 1998,6,15,18,29,35,40,49
Wed 30 Sep 1998,10,12,14,28,31,38,27
Sat 03 Oct 1998,1,11,18,19,22,32,41
Wed 07 Oct 1998,2,12,24,29,30,33,41
Sat 10 Oct 1998,11,13,21,26,43,46,38
Wed 14 Oct 1998,1,2,5,15,41,45,24
Sat 17 Oct 1998,3,25,36,37,41,45,9
Wed 21 Oct 1998,3,11,15,41,42,48,26
Sat 24 Oct 1998,6,8,15,23,26,41,49
Wed 28 Oct 1998,1,2,7,17,31,49,41
Sat 31 Oct 1998,5,9,12,14,18,38,35
Wed 04 Nov 1998,2,9,11,23,24,42,27
Sat 07 Nov 1998,13,24,25,31,32,44,43
Wed 11 Nov 1998,5,11,19,25,29,49,12
Sat 14 Nov 1998,7,11,12,17,23,39,42
Wed 18 Nov 1998,2,8,12,30,35,47,39
Sat 21 Nov 1998,7,9,17,22,38,49,47
Wed 25 Nov 1998,4,8,30,37,39,43,31
Sat 28 Nov 1998,4,25,26,30,37,45,46
Wed 02 Dec 1998,7,11,16,28,37,49,30
Sat 05 Dec 1998,4,7,23,26,27,35,28
Wed 09 Dec 1998,1,7,39,40,45,49,38
Sat 12 Dec 1998,26,28,38,39,41,46,25
Wed 16 Dec 1998,11,19,20,24,29,40,9
Sat 19 Dec 1998,9,10,18,25,28,48,34
Wed 23 Dec 1998,4,12,18,30,38,47,20
Sat 26 Dec 1998,2,8,11,32,35,41,4
Wed 30 Dec 1998,3,13,18,24,34,49,33
Sat 02 Jan 1999,4,31,33,38,41,46,22
Wed 06 Jan 1999,2,11,18,21,23,47,27
Sat 09 Jan 1999,1,15,23,34,37,40,45
Wed 13 Jan 1999,6,25,27,35,42,48,15
Sat 16 Jan 1999,11,26,28,32,41,42,44
Wed 20 Jan 1999,4,8,14,19,28,40,12
Sat 23 Jan 1999,1,8,10,17,32,47,2
Wed 27 Jan 1999,2,3,6,20,21,22,11
Sat 30 Jan 1999,7,19,32,37,40,44,47
Wed 03 Feb 1999,3,16,18,24,39,47,17
Sat 06 Feb 1999,2,17,23,38,40,49,10
Wed 10 Feb 1999,2,20,21,33,35,49,32
Sat 13 Feb 1999,5,23,26,27,47,49,48
Wed 17 Feb 1999,2,22,31,32,40,42,33
Sat 20 Feb 1999,3,9,17,23,29,40,44
Wed 24 Feb 1999,2,3,13,27,34,48,41
Sat 27 Feb 1999,1,7,13,15,38,43,47
Wed 03 Mar 1999,20,22,24,25,36,40,1
Sat 06 Mar 1999,8,32,33,37,43,47,45
Wed 10 Mar 1999,8,18,27,32,36,49,46
Sat 13 Mar 1999,1,2,15,17,24,44,22
Wed 17 Mar 1999,1,7,29,38,45,46,35
Sat 20 Mar 1999,13,17,25,29,45,49,28
Wed 24 Mar 1999,13,21,27,32,45,48,22
Sat 27 Mar 1999,9,25,30,36,44,48,2
Wed 31 Mar 1999,1,5,12,24,26,38,11
Sat 03 Apr 1999,3,7,9,15,40,43,11
Wed 07 Apr 1999,10,15,23,27,29,46,38
Sat 10 Apr 1999,10,18,25,32,35,36,2
Wed 14 Apr 1999,5,9,12,25,30,32,38
Sat 17 Apr 1999,3,16,28,29,41,46,6
Wed 21 Apr 1999,3,12,22,31,44,46,45
Sat 24 Apr 1999,3,8,11,25,46,47,30
Wed 28 Apr 1999,15,23,24,36,43,49,11
Sat 01 May 1999,7,20,24,31,33,40,49
Wed 05 May 1999,7,13,17,22,39,44,18
Sat 08 May 1999,1,12,24,31,33,47,7
Wed 12 May 1999,8,9,26,29,38,47,44
Sat 15 May 1999,4,14,18,24,27,40,33
Wed 19 May 1999,1,2,5,27,38,49,41
Sat 22 May 1999,8,11,14,24,26,49,45
Wed 26 May 1999,14,22,26,29,33,46,10
Sat 29 May 1999,3,7,9,12,43,44,45
Wed 02 Jun 1999,17,23,27,34,36,37,12
Sat 05 Jun 1999,11,20,24,28,35,48,33
Wed 09 Jun 1999,8,10,12,34,46,48,20
Sat 12 Jun 1999,3,18,21,23,36,49,47
Wed 16 Jun 1999,17,21,25,37,38,45,5
Sat 19 Jun 1999,4,6,20,24,41,42,38
Wed 23 Jun 1999,8,11,18,30,33,43,34
Sat 26 Jun 1999,2,17,18,23,30,40,43
Wed 30 Jun 1999,2,14,19,26,32,49,31
Sat 03 Jul 1999,11,17,28,36,42,44,37
Wed 07 Jul 1999,4,6,8,41,43,44,28
Sat 10 Jul 1999,5,7,15,26,35,40,45
Wed 14 Jul 1999,1,15,21,37,41,42,43
Sat 17 Jul 1999,3,15,23,42,45,48,46
Wed 21 Jul 1999,12,17,26,32,33,46,4
Sat 24 Jul 1999,8,25,26,37,38,48,24
Wed 28 Jul 1999,3,14,30,32,46,49,10
Sat 31 Jul 1999,12,26,27,32,46,49,42
Wed 04 Aug 1999,3,4,9,29,31,46,41
Sat 07 Aug 1999,4,7,19,22,24,46,47
Wed 11 Aug 1999,1,15,22,38,39,48,25
Sat 14 Aug 1999,1,9,18,24,38,44,26
Wed 18 Aug 1999,6,8,13,34,38,45,17
Sat 21 Aug 1999,12,15,16,17,42,48,45
Wed 25 Aug 1999,1,8,20,22,36,48,11
Sat 28 Aug 1999,6,14,15,17,27,47,29
Wed 01 Sep 1999,3,5,19,27,39,49,15
Sat 04 Sep 1999,3,5,7,10,14,20,16
Wed 08 Sep 1999,8,10,17,22,36,38,34
Sat 11 Sep 1999,2,4,16,21,29,46,5
Wed 15 Sep 1999,9,14,27,30,32,49,3
Sat 18 Sep 1999,5,11,15,18,23,33,38
Wed 22 Sep 1999,6,16,21,28,37,44,15
Sat 25 Sep 1999,18,20,26,30,43,49,36
Wed 29 Sep 1999,1,3,8,33,39,43,49
Sat 02 Oct 1999,3,14,28,37,38,49,33
Wed 06 Oct 1999,9,13,19,21,30,45,37
Sat 09 Oct 1999,8,15,26,29,38,46,12
Wed 13 Oct 1999,3,19,23,29,33,34,10
Sat 16 Oct 1999,11,25,27,31,40,41,12
Wed 20 Oct 1999,9,18,27,29,33,43,48
Sat 23 Oct 1999,4,8,10,15,25,39,49
Wed 27 Oct 1999,4,9,13,22,25,32,3
Sat 30 Oct 1999,10,15,17,27,44,47,14
Wed 03 Nov 1999,3,22,25,31,35,37,48
Sat 06 Nov 1999,8,10,23,34,36,46,2
Wed 10 Nov 1999,2,10,18,19,28,35,26
Sat 13 Nov 1999,7,10,21,28,29,39,2
Wed 17 Nov 1999,2,6,23,31,33,36,20
Sat 20 Nov 1999,7,9,15,20,29,34,6
Wed 24 Nov 1999,1,12,16,33,34,44,37
Sat 27 Nov 1999,8,10,22,46,47,49,32
Wed 01 Dec 1999,28,36,37,38,42,47,23
Sat 04 Dec 1999,16,23,25,31,35,47,48
Wed 08 Dec 1999,7,10,11,26,31,33,39
Sat 11 Dec 1999,5,9,27,37,43,46,28
Wed 15 Dec 1999,4,9,16,35,43,44,27
Sat 18 Dec 1999,6,7,12,13,18,29,25
Wed 22 Dec 1999,29,32,39,46,47,49,24
Fri 24 Dec 1999,2,21,23,24,25,35,38
Wed 29 Dec 1999,16,26,33,36,39,47,43
Sat 01 Jan 2000,2,5,14,23,27,48,38
Wed 05 Jan 2000,5,22,25,30,31,33,7
Sat 08 Jan 2000,13,18,32,34,39,41,2
Wed 12 Jan 2000,3,10,14,17,19,27,49
Sat 15 Jan 2000,10,12,16,17,31,47,21
Wed 19 Jan 2000,4,16,17,43,46,48,5
Sat 22 Jan 2000,7,9,10,40,41,44,14
Wed 26 Jan 2000,6,14,21,28,41,43,30
Sat 29 Jan 2000,5,7,17,21,27,48,37
Wed 02 Feb 2000,10,30,31,32,39,42,25
Sat 05 Feb 2000,21,38,40,46,47,49,48
Wed 09 Feb 2000,3,6,14,19,32,41,35
Sat 12 Feb 2000,4,6,12,17,18,19,37
Wed 16 Feb 2000,6,7,12,16,19,42,18
Sat 19 Feb 2000,1,5,11,32,43,46,38
Wed 23 Feb 2000,11,17,18,20,39,47,43
Sat 26 Feb 2000,3,5,6,8,16,45,1
Wed 01 Mar 2000,4,8,10,12,15,30,34
Sat 04 Mar 2000,11,13,19,26,28,47,8
Wed 08 Mar 2000,6,18,22,32,36,46,24
Sat 11 Mar 2000,7,12,37,42,46,49,9
Wed 15 Mar 2000,7,12,25,28,30,40,37
Sat 18 Mar 2000,5,8,15,16,22,39,31
Wed 22 Mar 2000,6,18,20,33,36,40,10
Sat 25 Mar 2000,15,22,23,27,32,37,43
Wed 29 Mar 2000,11,18,20,23,28,32,15
Sat 01 Apr 2000,3,11,19,25,29,30,16
Wed 05 Apr 2000,2,3,7,10,40,48,37
Sat 08 Apr 2000,18,23,30,46,47,49,31
Wed 12 Apr 2000,9,12,19,22,26,34,44
Sat 15 Apr 2000,2,23,28,31,46,48,42
Wed 19 Apr 2000,1,3,7,19,29,44,25
Sat 22 Apr 2000,26,31,35,43,48,49,38
Wed 26 Apr 2000,4,9,14,28,36,39,6
Sat 29 Apr 2000,15,16,19,27,29,42,24
Wed 03 May 2000,5,6,24,36,38,48,15
Sat 06 May 2000,2,3,30,31,41,45,23
Wed 10 May 2000,10,18,29,37,38,46,4
Sat 13 May 2000,6,30,35,42,44,45,33
Wed 17 May 2000,1,10,11,15,21,48,7
Sat 20 May 2000,7,11,18,21,25,44,28
Wed 24 May 2000,6,8,21,36,38,46,33
Sat 27 May 2000,21,23,33,34,43,45,40
Wed 31 May 2000,1,11,14,19,38,44,45
Sat 03 Jun 2000,3,8,19,35,36,48,21
Wed 07 Jun 2000,2,5,20,24,28,39,21
Sat 10 Jun 2000,1,14,15,35,44,47,34
Wed 14 Jun 2000,4,7,23,24,26,38,3
Sat 17 Jun 2000,4,22,24,25,40,43,6
Wed 21 Jun 2000,1,10,24,33,37,46,4
Sat 24 Jun 2000,6,9,32,34,42,48,4
Wed 28 Jun 2000,8,10,27,38,40,46,3
Sat 01 Jul 2000,11,16,22,39,42,48,38
Wed 05 Jul 2000,6,11,19,23,25,28,35
Sat 08 Jul 2000,21,30,35,38,41,46,26
Wed 12 Jul 2000,4,12,21,27,41,49,40
Sat 15 Jul 2000,1,2,7,35,39,44,14
Wed 19 Jul 2000,16,23,31,33,38,41,20
Sat 22 Jul 2000,13,16,43,45,47,48,36
Wed 26 Jul 2000,2,28,29,40,43,47,30
Sat 29 Jul 2000,29,30,33,37,45,48,15
Wed 02 Aug 2000,26,35,38,39,44,46,1
Sat 05 Aug 2000,1,3,35,37,39,48,26
Wed 09 Aug 2000,10,14,32,35,36,43,37
Sat 12 Aug 2000,6,31,35,36,43,46,33
Wed 16 Aug 2000,11,24,33,34,37,45,43
Sat 19 Aug 2000,5,22,34,38,43,46,9
Wed 23 Aug 2000,3,31,32,37,38,47,20
Sat 26 Aug 2000,4,11,16,29,34,35,13
Wed 30 Aug 2000,13,21,24,38,40,41,9
Sat 02 Sep 2000,11,12,21,31,36,40,22
Wed 06 Sep 2000,6,7,11,23,32,44,34
Sat 09 Sep 2000,3,4,24,25,35,43,7
Wed 13 Sep 2000,14,20,25,32,47,49,34
Sat 16 Sep 2000,4,22,23,26,42,47,5
Wed 20 Sep 2000,7,25,30,34,38,39,28
Sat 23 Sep 2000,6,16,18,32,35,45,46
Wed 27 Sep 2000,4,10,24,28,40,47,25
Sat 30 Sep 2000,12,15,27,32,40,44,35
Wed 04 Oct 2000,10,14,19,43,46,49,2
Sat 07 Oct 2000,1,6,20,28,31,45,26
Wed 11 Oct 2000,6,10,19,30,34,41,26
Sat 14 Oct 2000,7,22,31,37,38,40,30
Wed 18 Oct 2000,4,6,11,19,32,36,23
Sat 21 Oct 2000,8,14,15,18,24,44,31
Wed 25 Oct 2000,6,9,13,14,26,38,22
Sat 28 Oct 2000,1,13,14,23,31,47,9
Wed 01 Nov 2000,4,9,20,23,38,45,47
Sat 04 Nov 2000,2,8,17,29,33,44,11
Wed 08 Nov 2000,2,5,9,16,27,43,28
Sat 11 Nov 2000,18,23,28,34,35,47,11
Wed 15 Nov 2000,13,19,28,31,41,44,6
Sat 18 Nov 2000,6,9,11,21,27,43,17
Wed 22 Nov 2000,4,12,20,23,31,33,16
Sat 25 Nov 2000,3,6,20,42,43,48,30
Wed 29 Nov 2000,7,19,28,30,33,37,29
Sat 02 Dec 2000,2,19,28,37,46,47,38
Wed 06 Dec 2000,6,10,13,19,27,47,25
Sat 09 Dec 2000,11,16,25,31,32,33,23
Wed 13 Dec 2000,3,12,23,34,38,39,11
Sat 16 Dec 2000,17,21,26,29,34,39,37
Wed 20 Dec 2000,5,8,39,41,46,49,13
Sat 23 Dec 2000,2,16,17,23,37,38,6
Wed 27 Dec 2000,9,24,26,36,37,42,25
Sat 30 Dec 2000,1,7,16,18,38,47,10
Wed 03 Jan 2001,5,6,16,17,19,22,40
Sat 06 Jan 2001,6,16,23,34,35,40,37
Wed 10 Jan 2001,10,14,15,23,24,27,39
Sat 13 Jan 2001,12,23,28,34,36,40,18
Wed 17 Jan 2001,10,13,24,31,36,47,41
Sat 20 Jan 2001,13,17,22,41,43,47,28
Wed 24 Jan 2001,10,11,28,29,31,39,24
Sat 27 Jan 2001,4,12,15,39,45,47,22
Wed 31 Jan 2001,1,16,33,36,38,45,48
Sat 03 Feb 2001,2,15,16,17,25,26,44
Wed 07 Feb 2001,2,5,33,37,40,45,22
Sat 10 Feb 2001,7,9,12,17,20,32,30
Wed 14 Feb 2001,3,10,23,27,30,32,19
Sat 17 Feb 2001,10,14,31,35,40,45,26
Wed 21 Feb 2001,8,10,24,30,40,44,17
Sat 24 Feb 2001,1,3,12,28,29,41,42
Wed 28 Feb 2001,4,9,12,13,22,32,8
Sat 03 Mar 2001,7,14,20,24,38,48,17
Wed 07 Mar 2001,3,12,30,33,40,49,22
Sat 10 Mar 2001,2,4,12,21,36,37,46
Wed 14 Mar 2001,1,5,8,31,37,38,15
Sat 17 Mar 2001,1,3,15,26,45,46,48
Wed 21 Mar 2001,11,22,27,34,39,42,36
Sat 24 Mar 2001,6,25,31,32,42,43,38
Wed 28 Mar 2001,2,25,34,35,36,39,26
Sat 31 Mar 2001,22,23,26,34,37,44,8
Wed 04 Apr 2001,10,16,23,24,28,45,46
Sat 07 Apr 2001,9,19,30,32,34,44,18
Wed 11 Apr 2001,2,19,37,38,44,49,33
Sat 14 Apr 2001,7,24,35,41,42,47,12
Wed 18 Apr 2001,30,35,41,44,46,49,33
Sat 21 Apr 2001,12,20,23,26,33,46,1
Wed 25 Apr 2001,10,11,24,35,40,44,33
Sat 28 Apr 2001,2,25,33,40,44,47,17
Wed 02 May 2001,2,17,20,23,28,43,16
Sat 05 May 2001,1,3,16,33,46,47,35
Wed 09 May 2001,9,18,27,30,32,48,46
Sat 12 May 2001,6,29,30,38,39,45,22
Wed 16 May 2001,1,25,27,33,38,45,4
Sat 19 May 2001,4,12,30,33,43,48,35
Wed 23 May 2001,4,11,30,31,44,47,21
Sat 26 May 2001,3,15,22,29,35,49,20
Wed 30 May 2001,7,15,23,35,39,44,48
Sat 02 Jun 2001,7,11,19,24,32,39,29
Wed 06 Jun 2001,12,16,35,37,38,47,26
Sat 09 Jun 2001,12,14,24,33,45,48,31
Wed 13 Jun 2001,12,14,19,33,35,48,40
Sat 16 Jun 2001,7,25,31,35,39,45,8
Wed 20 Jun 2001,11,18,24,31,34,49,48
Sat 23 Jun 2001,7,15,16,24,25,46,37
Wed 27 Jun 2001,12,18,39,43,45,49,33
Sat 30 Jun 2001,9,15,22,43,46,48,21
Wed 04 Jul 2001,13,28,32,38,40,47,27
Sat 07 Jul 2001,24,34,37,38,41,49,15
Wed 11 Jul 2001,11,16,19,24,33,47,39
Sat 14 Jul 2001,7,11,14,22,37,38,36
Wed 18 Jul 2001,2,25,31,37,41,45,6
Sat 21 Jul 2001,1,9,13,18,27,45,29
Wed 25 Jul 2001,1,2,3,8,30,37,19
Sat 28 Jul 2001,3,13,29,31,36,45,44
Wed 01 Aug 2001,11,15,20,27,33,40,14
Sat 04 Aug 2001,4,7,11,15,28,47,39
Wed 08 Aug 2001,26,29,31,32,39,46,33
Sat 11 Aug 2001,18,19,25,36,38,40,42
Wed 15 Aug 2001,4,6,18,21,35,38,31
Sat 18 Aug 2001,11,16,18,22,23,31,37
Wed 22 Aug 2001,14,20,22,29,33,37,45
Sat 25 Aug 2001,1,10,14,30,36,43,20
Wed 29 Aug 2001,4,5,9,13,29,47,36
Sat 01 Sep 2001,1,9,32,34,38,49,3
Wed 05 Sep 2001,15,23,24,27,43,48,12
Sat 08 Sep 2001,1,6,13,18,20,49,30
Wed 12 Sep 2001,11,21,25,27,30,35,40
Sat 15 Sep 2001,2,9,15,17,40,48,23
Wed 19 Sep 2001,6,8,21,25,30,45,42
Sat 22 Sep 2001,6,14,35,45,46,49,16
Wed 26 Sep 2001,3,14,15,17,19,47,5
Sat 29 Sep 2001,2,14,17,22,38,44,35
Wed 03 Oct 2001,2,14,26,30,44,45,40
Sat 06 Oct 2001,9,12,29,33,44,47,45
Wed 10 Oct 2001,18,26,28,30,38,46,25
Sat 13 Oct 2001,8,33,38,40,48,49,6
Wed 17 Oct 2001,5,20,26,31,32,40,36
Sat 20 Oct 2001,1,3,6,19,21,26,14
Wed 24 Oct 2001,8,38,39,40,43,44,3
Sat 27 Oct 2001,2,21,23,24,27,38,33
Wed 31 Oct 2001,4,5,6,18,36,49,13
Sat 03 Nov 2001,10,31,34,39,43,44,17
Wed 07 Nov 2001,8,9,10,20,39,40,36
Sat 10 Nov 2001,6,23,24,25,30,49,39
Wed 14 Nov 2001,19,29,32,33,43,47,46
Sat 17 Nov 2001,12,19,30,34,37,41,1
Wed 21 Nov 2001,10,25,30,38,44,46,17
Sat 24 Nov 2001,23,27,30,37,38,42,28
Wed 28 Nov 2001,8,22,31,32,42,45,20
Sat 01 Dec 2001,2,14,19,26,34,48,11
Wed 05 Dec 2001,4,6,8,19,23,29,38
Sat 08 Dec 2001,1,14,16,30,34,42,9
Wed 12 Dec 2001,9,23,25,33,38,44,29
Sat 15 Dec 2001,5,7,13,24,35,40,16
Wed 19 Dec 2001,7,28,34,43,46,48,20
Sat 22 Dec 2001,1,9,10,12,23,40,8
Wed 26 Dec 2001,10,17,26,29,36,37,16
Sat 29 Dec 2001,11,19,31,32,36,45,41
Wed 02 Jan 2002,2,6,20,24,29,32,21
Sat 05 Jan 2002,2,16,28,34,41,42,38
Wed 09 Jan 2002,16,20,28,29,41,45,12
Sat 12 Jan 2002,1,3,11,12,20,24,38
Wed 16 Jan 2002,15,16,23,27,32,44,17
Sat 19 Jan 2002,7,18,34,37,39,42,21
Wed 23 Jan 2002,6,8,14,19,20,44,41
Sat 26 Jan 2002,10,13,20,25,27,32,1
Wed 30 Jan 2002,12,19,27,39,42,47,4
Sat 02 Feb 2002,6,12,30,39,45,46,11
Wed 06 Feb 2002,2,13,20,36,37,40,34
Sat 09 Feb 2002,7,15,20,28,40,48,4
Wed 13 Feb 2002,4,7,12,13,16,29,22
Sat 16 Feb 2002,10,20,24,36,37,44,1
Wed 20 Feb 2002,17,21,24,25,46,49,22
Sat 23 Feb 2002,8,9,27,34,43,48,25
Wed 27 Feb 2002,6,12,28,31,39,44,42
Sat 02 Mar 2002,8,11,25,33,37,43,30
Wed 06 Mar 2002,5,17,20,31,33,34,26
Sat 09 Mar 2002,9,18,20,21,39,48,6
Wed 13 Mar 2002,1,7,15,23,27,34,26
Sat 16 Mar 2002,5,6,26,41,42,44,11
Wed 20 Mar 2002,10,18,25,28,37,43,14
Sat 23 Mar 2002,9,24,28,30,31,40,49
Wed 27 Mar 2002,6,9,20,24,35,36,39
Sat 30 Mar 2002,8,14,25,36,38,47,15
Wed 03 Apr 2002,4,8,18,26,32,34,10
Sat 06 Apr 2002,17,18,32,35,39,48,8
Wed 10 Apr 2002,5,11,24,26,34,41,2
Sat 13 Apr 2002,3,19,22,40,41,44,35
Wed 17 Apr 2002,5,13,19,30,32,43,6
Sat 20 Apr 2002,7,14,21,32,43,44,31
Wed 24 Apr 2002,3,13,17,20,21,30,23
Sat 27 Apr 2002,11,19,32,33,43,44,3
Wed 01 May 2002,10,15,19,22,24,32,41
Sat 04 May 2002,8,9,11,17,45,47,24
Wed 08 May 2002,8,10,42,44,47,49,14
Sat 11 May 2002,1,25,27,35,43,46,22
Wed 15 May 2002,4,6,10,19,40,49,9
Sat 18 May 2002,21,22,30,31,38,48,13
Wed 22 May 2002,5,9,18,39,43,46,48
Sat 25 May 2002,7,14,15,25,27,40,18
Wed 29 May 2002,19,26,30,34,40,44,13
Sat 01 Jun 2002,13,19,27,36,41,44,3
Wed 05 Jun 2002,3,5,7,26,43,47,10
Sat 08 Jun 2002,15,16,18,28,36,47,49
Wed 12 Jun 2002,1,2,10,34,47,48,12
Sat 15 Jun 2002,3,13,14,23,30,36,32
Wed 19 Jun 2002,18,21,32,36,39,41,9
Sat 22 Jun 2002,14,17,18,22,32,37,12
Wed 26 Jun 2002,6,7,25,33,38,43,23
Sat 29 Jun 2002,4,25,28,36,42,49,37
Wed 03 Jul 2002,2,4,5,22,27,29,24
Sat 06 Jul 2002,1,20,42,43,44,49,9
Wed 10 Jul 2002,4,18,19,20,30,43,24
Sat 13 Jul 2002,15,21,23,24,31,32,8
Wed 17 Jul 2002,10,11,31,41,45,46,42
Sat 20 Jul 2002,7,10,16,34,47,48,36
Wed 24 Jul 2002,7,13,21,34,35,43,10
Sat 27 Jul 2002,24,26,28,29,34,44,45
Wed 31 Jul 2002,9,13,15,23,26,45,49
Sat 03 Aug 2002,6,11,19,35,36,44,39
Wed 07 Aug 2002,10,22,23,30,33,42,36
Sat 10 Aug 2002,13,16,23,28,31,32,18
Wed 14 Aug 2002,1,6,8,20,29,38,31
Sat 17 Aug 2002,19,20,31,32,35,40,23
Wed 21 Aug 2002,5,14,19,32,34,42,35
Sat 24 Aug 2002,4,17,26,28,38,46,3
Wed 28 Aug 2002,4,7,9,17,36,46,23
Sat 31 Aug 2002,2,18,23,31,43,46,11
Wed 04 Sep 2002,2,23,28,33,45,47,13
Sat 07 Sep 2002,7,21,29,31,38,41,28
Wed 11 Sep 2002,15,20,28,37,40,44,23
Sat 14 Sep 2002,8,14,24,27,29,32,21
Wed 18 Sep 2002,4,7,12,29,37,42,14
Sat 21 Sep 2002,1,6,7,11,13,30,27
Wed 25 Sep 2002,6,21,29,32,33,47,4
Sat 28 Sep 2002,2,9,10,11,13,16,26
Wed 02 Oct 2002,2,3,14,15,21,48,8
Sat 05 Oct 2002,15,16,18,36,37,49,28
Wed 09 Oct 2002,7,22,25,31,44,47,1
Sat 12 Oct 2002,16,18,35,36,39,48,15
Wed 16 Oct 2002,13,19,25,28,34,45,32
Sat 19 Oct 2002,12,30,43,44,45,47,10
Wed 23 Oct 2002,11,26,36,43,44,46,29
Sat 26 Oct 2002,7,10,24,32,33,45,29
Wed 30 Oct 2002,10,21,26,31,48,49,29
Sat 02 Nov 2002,5,28,32,39,42,48,21
Wed 06 Nov 2002,2,6,8,21,41,42,7
Sat 09 Nov 2002,4,5,8,19,31,37,36
Wed 13 Nov 2002,3,6,8,14,24,31,35
Sat 16 Nov 2002,10,30,34,42,48,49,6
Wed 20 Nov 2002,16,18,19,44,46,48,3
Sat 23 Nov 2002,5,6,12,19,30,47,25
Wed 27 Nov 2002,11,25,35,36,42,47,18
Sat 30 Nov 2002,6,7,20,29,37,39,25
Wed 04 Dec 2002,2,4,23,26,28,40,29
Sat 07 Dec 2002,2,19,29,34,35,36,18
Wed 11 Dec 2002,10,13,15,16,29,48,49
Sat 14 Dec 2002,11,21,38,39,45,47,26
Wed 18 Dec 2002,11,17,21,22,40,42,19
Sat 21 Dec 2002,4,22,23,37,43,44,19
Tue 24 Dec 2002,4,8,9,19,32,46,17
Sat 28 Dec 2002,2,18,20,32,36,37,5
Wed 01 Jan 2003,3,22,27,29,34,41,31
Sat 04 Jan 2003,19,32,33,36,40,45,28
Wed 08 Jan 2003,10,12,22,34,46,48,3
Sat 11 Jan 2003,9,18,22,26,37,41,20
Wed 15 Jan 2003,11,29,33,38,46,48,44
Sat 18 Jan 2003,4,11,20,35,43,46,18
Wed 22 Jan 2003,5,16,23,35,44,47,46
Sat 25 Jan 2003,3,19,35,38,39,42,1
Wed 29 Jan 2003,1,6,26,29,37,48,27
Sat 01 Feb 2003,2,13,30,39,45,47,21
Wed 05 Feb 2003,1,13,17,26,42,46,30
Sat 08 Feb 2003,23,27,32,37,41,43,35
Wed 12 Feb 2003,12,17,18,20,30,35,49
Sat 15 Feb 2003,4,20,32,44,48,49,27
Wed 19 Feb 2003,1,4,10,17,28,35,32
Sat 22 Feb 2003,19,30,33,38,42,44,31
Wed 26 Feb 2003,5,18,34,38,40,45,22
Sat 01 Mar 2003,22,24,29,31,44,45,35
Wed 05 Mar 2003,3,8,12,23,34,46,24
Sat 08 Mar 2003,5,6,8,32,33,41,15
Wed 12 Mar 2003,6,16,33,37,40,41,25
Sat 15 Mar 2003,4,24,25,28,38,47,11
Wed 19 Mar 2003,2,10,15,16,18,39,36
Sat 22 Mar 2003,2,8,10,45,47,49,9
Wed 26 Mar 2003,10,22,35,37,47,49,31
Sat 29 Mar 2003,5,15,21,33,35,42,26
Wed 02 Apr 2003,8,11,15,21,37,39,25
Sat 05 Apr 2003,9,26,30,31,38,45,32
Wed 09 Apr 2003,7,20,25,27,33,45,41
Sat 12 Apr 2003,3,5,16,25,43,45,23
Wed 16 Apr 2003,5,7,23,29,38,47,26
Sat 19 Apr 2003,8,10,13,31,38,48,14
Wed 23 Apr 2003,13,24,31,33,41,44,5
Sat 26 Apr 2003,9,21,27,33,35,48,18
Wed 30 Apr 2003,16,20,26,35,43,46,10
Sat 03 May 2003,3,6,7,29,46,49,37
Wed 07 May 2003,7,12,26,33,35,47,28
Sat 10 May 2003,8,18,24,26,32,38,31
Wed 14 May 2003,1,3,4,16,17,27,7
Sat 17 May 2003,8,12,15,22,36,48,37
Wed 21 May 2003,18,19,21,32,35,39,42
Sat 24 May 2003,4,22,25,30,34,42,35
Wed 28 May 2003,1,7,15,25,27,32,22
Sat 31 May 2003,2,9,12,22,25,26,21
Wed 04 Jun 2003,7,20,27,40,43,49,12
Sat 07 Jun 2003,2,5,6,17,18,30,29
Wed 11 Jun 2003,9,13,22,39,48,49,14
Sat 14 Jun 2003,3,12,29,37,43,46,11
Wed 18 Jun 2003,16,18,26,32,38,40,27
Sat 21 Jun 2003,12,20,36,39,44,45,49
Wed 25 Jun 2003,2,6,7,23,27,30,21
Sat 28 Jun 2003,1,10,17,23,29,35,36
Wed 02 Jul 2003,1,14,17,23,30,47,12
Sat 05 Jul 2003,6,10,18,19,22,43,8
Wed 09 Jul 2003,2,7,24,30,31,35,18
Sat 12 Jul 2003,9,12,13,15,21,33,43
Wed 16 Jul 2003,2,15,16,17,26,42,35
Sat 19 Jul 2003,3,9,10,17,34,48,36
Wed 23 Jul 2003,11,19,23,31,38,46,9
Sat 26 Jul 2003,1,12,16,26,37,49,33
Wed 30 Jul 2003,2,17,22,38,45,49,1
Sat 02 Aug 2003,5,26,28,45,47,49,8
Wed 06 Aug 2003,1,8,13,22,36,45,21
Sat 09 Aug 2003,11,14,19,25,30,41,38
Wed 13 Aug 2003,10,15,16,18,19,28,8
Sat 16 Aug 2003,1,9,10,12,42,45,27
Wed 20 Aug 2003,5,6,34,37,42,48,31
Sat 23 Aug 2003,10,15,18,25,42,48,11
Wed 27 Aug 2003,8,18,19,29,44,45,42
Sat 30 Aug 2003,18,26,33,38,43,44,2
Wed 03 Sep 2003,10,11,13,38,39,42,8
Sat 06 Sep 2003,1,21,25,27,39,42,17
Wed 10 Sep 2003,9,25,28,37,41,48,30
Sat 13 Sep 2003,3,4,8,9,30,32,12
Wed 17 Sep 2003,3,9,15,16,21,29,46
Sat 20 Sep 2003,1,2,15,23,31,48,49
Wed 24 Sep 2003,11,13,28,34,37,45,9
Sat 27 Sep 2003,7,24,30,44,46,47,38
Wed 01 Oct 2003,3,16,24,27,30,48,21
Sat 04 Oct 2003,2,8,23,32,35,39,16
Wed 08 Oct 2003,6,22,25,26,28,44,9
Sat 11 Oct 2003,3,6,11,20,34,43,36
Wed 15 Oct 2003,7,11,16,32,42,49,17
Sat 18 Oct 2003,5,11,17,23,40,45,41
Wed 22 Oct 2003,6,19,29,32,34,46,39
Sat 25 Oct 2003,4,10,18,21,43,49,15
Wed 29 Oct 2003,9,19,25,29,30,38,3
Sat 01 Nov 2003,9,11,15,24,38,46,29
Wed 05 Nov 2003,10,12,18,20,22,47,38
Sat 08 Nov 2003,2,12,33,39,45,48,29
Wed 12 Nov 2003,6,9,13,17,21,24,30
Sat 15 Nov 2003,17,30,31,32,35,47,42
Wed 19 Nov 2003,11,12,13,18,43,48,21
Sat 22 Nov 2003,1,5,8,16,31,39,22
Wed 26 Nov 2003,16,32,34,35,40,48,3
Sat 29 Nov 2003,9,23,25,26,33,36,37
Wed 03 Dec 2003,2,28,34,35,38,47,6
Sat 06 Dec 2003,3,11,13,34,35,43,8
Wed 10 Dec 2003,8,14,21,26,37,48,9
Sat 13 Dec 2003,1,7,9,28,33,39,4
Wed 17 Dec 2003,4,6,13,21,36,46,37
Sat 20 Dec 2003,8,23,35,39,44,46,31
Wed 24 Dec 2003,1,7,24,27,46,48,31
Sat 27 Dec 2003,3,18,22,27,41,46,37
Wed 31 Dec 2003,19,28,31,34,41,47,1
Sat 03 Jan 2004,17,18,22,23,40,49,10
Wed 07 Jan 2004,2,12,17,23,24,34,10
Sat 10 Jan 2004,14,23,29,39,41,45,17
Wed 14 Jan 2004,2,5,19,21,40,46,33
Sat 17 Jan 2004,4,8,21,24,39,44,5
Wed 21 Jan 2004,3,11,25,28,34,45,42
Sat 24 Jan 2004,16,25,27,32,35,43,42
Wed 28 Jan 2004,8,10,16,17,30,47,7
Sat 31 Jan 2004,5,12,13,19,27,47,40
Wed 04 Feb 2004,9,11,18,20,35,47,40
Sat 07 Feb 2004,18,22,25,44,45,46,7
Wed 11 Feb 2004,22,23,38,40,43,47,32
Sat 14 Feb 2004,14,15,17,31,39,45,23
Wed 18 Feb 2004,1,3,5,13,21,24,29
Sat 21 Feb 2004,1,5,8,18,42,48,38
Wed 25 Feb 2004,6,21,28,34,38,41,47
Sat 28 Feb 2004,6,19,22,38,39,43,18
Wed 03 Mar 2004,24,38,40,44,47,48,23
Sat 06 Mar 2004,17,19,20,35,43,45,7
Wed 10 Mar 2004,11,14,17,34,37,43,22
Sat 13 Mar 2004,1,10,11,18,19,46,43
Wed 17 Mar 2004,5,16,30,38,42,43,4
Sat 20 Mar 2004,13,21,37,42,46,48,22
Wed 24 Mar 2004,7,17,19,26,29,41,49
Sat 27 Mar 2004,19,21,25,33,37,41,38
Wed 31 Mar 2004,4,7,8,11,24,40,33
Sat 03 Apr 2004,3,9,12,28,29,38,5
Wed 07 Apr 2004,9,25,33,36,46,49,43
Sat 10 Apr 2004,25,30,34,39,40,47,16
Wed 14 Apr 2004,1,3,22,32,38,44,45
Sat 17 Apr 2004,3,21,31,42,47,48,34
Wed 21 Apr 2004,7,19,20,29,41,49,18
Sat 24 Apr 2004,1,3,4,5,17,37,30
Wed 28 Apr 2004,1,3,26,34,43,47,12
Sat 01 May 2004,5,6,10,15,27,49,20
Wed 05 May 2004,23,32,33,42,43,45,4
Sat 08 May 2004,14,17,23,28,42,49,5
Wed 12 May 2004,10,11,15,18,19,40,28
Sat 15 May 2004,4,29,35,44,46,49,12
Wed 19 May 2004,10,22,28,33,37,39,42
Sat 22 May 2004,1,4,5,25,34,46,12
Wed 26 May 2004,11,15,18,24,34,44,28
Sat 29 May 2004,1,4,6,18,19,40,30
Wed 02 Jun 2004,5,22,26,40,42,43,44
Sat 05 Jun 2004,5,8,9,26,29,44,16
Wed 09 Jun 2004,1,12,23,26,35,45,43
Sat 12 Jun 2004,7,22,35,44,48,49,16
Wed 16 Jun 2004,22,26,29,31,35,42,6
Sat 19 Jun 2004,2,23,28,31,42,45,17
Wed 23 Jun 2004,5,18,21,24,38,48,25
Sat 26 Jun 2004,16,21,24,28,31,33,3
Wed 30 Jun 2004,11,12,15,29,37,43,45
Sat 03 Jul 2004,6,8,21,25,43,47,16
Wed 07 Jul 2004,5,10,11,16,17,33,13
Sat 10 Jul 2004,6,9,31,32,40,47,24
Wed 14 Jul 2004,6,27,33,38,45,47,8
Sat 17 Jul 2004,1,3,11,16,23,36,22
Wed 21 Jul 2004,6,9,13,15,40,43,2
Sat 24 Jul 2004,22,27,30,31,48,49,28
Wed 28 Jul 2004,10,11,14,21,25,42,15
Sat 31 Jul 2004,3,13,17,29,40,48,39
Wed 04 Aug 2004,4,7,8,10,17,22,11
Sat 07 Aug 2004,8,11,28,33,38,41,40
Wed 11 Aug 2004,11,12,19,47,48,49,7
Sat 14 Aug 2004,13,14,31,32,37,41,42
Wed 18 Aug 2004,6,11,12,13,36,42,21
Sat 21 Aug 2004,1,2,19,30,44,49,21
Wed 25 Aug 2004,10,12,13,19,31,46,17
Sat 28 Aug 2004,6,7,10,20,37,44,36
Wed 01 Sep 2004,12,25,27,32,37,49,28
Sat 04 Sep 2004,3,5,10,25,43,47,20
Wed 08 Sep 2004,1,10,27,35,39,48,28
Set 11 Sep 2004,5,8,19,30,35,42,18
Wed 15 Sep 2004,3,11,17,21,33,44,27
Sat 18 Sep 2004,5,10,13,14,28,42,48
Wed 22 Sep 2004,12,19,40,42,46,49,17
Sat 25 Sep 2004,3,10,28,29,42,43,2
Wed 29 Sep 2004,4,14,23,31,35,41,24
Sat 02 Oct 2004,1,5,6,31,33,41,35
Wed 06 Oct 2004,6,11,12,19,37,44,16
Sat 09 Oct 2004,6,17,22,27,30,34,26
Wed 13 Oct 2004,3,7,14,17,18,43,42
Sat 16 Oct 2004,25,32,33,36,45,46,47
Wed 20 Oct 2004,10,13,19,25,31,33,21
Sat 23 Oct 2004,22,27,33,37,38,40,24
Wed 27 Oct 2004,9,11,21,39,40,46,35
Sat 30 Oct 2004,3,8,9,26,27,47,45
Wed 03 Nov 2004,5,25,33,35,36,39,43
Sat 06 Nov 2004,2,26,29,36,39,40,10
Wed 10 Nov 2004,13,27,37,40,43,49,1
Sat 13 Nov 2004,4,10,12,13,14,22,21
Wed 17 Nov 2004,11,14,20,24,28,36,46
Sat 20 Nov 2004,1,4,8,26,28,36,31
Wed 24 Nov 2004,6,9,15,23,38,48,45
Sat 27 Nov 2004,4,7,9,10,43,46,11
Wed 01 Dec 2004,7,18,27,31,36,49,43
Sat 04 Dec 2004,8,9,35,38,42,45,14
Wed 08 Dec 2004,11,12,16,26,35,39,34
Sat 11 Dec 2004,7,9,19,23,27,49,1
Wed 15 Dec 2004,7,11,19,25,31,39,23
Sat 18 Dec 2004,5,16,22,25,27,30,33
Wed 22 Dec 2004,4,12,27,44,45,47,41
Fri 24 Dec 2004,15,19,24,36,37,49,35
Wed 29 Dec 2004,4,22,30,41,43,47,29
Sat 01 Jan 2005,4,6,9,12,15,40,25
Wed 05 Jan 2005,5,8,15,20,42,48,40
Sat 08 Jan 2005,7,10,17,28,29,33,36
Wed 12 Jan 2005,4,5,31,33,38,42,41
Sat 15 Jan 2005,5,20,30,32,35,38,9
Wed 19 Jan 2005,15,24,28,33,34,47,37
Sat 22 Jan 2005,5,15,23,30,34,42,14
Wed 26 Jan 2005,3,12,14,22,33,40,19
Sat 29 Jan 2005,3,8,27,38,44,46,35
Wed 02 Feb 2005,2,19,28,33,44,49,21
Sat 05 Feb 2005,19,22,33,36,43,44,1
Wed 09 Feb 2005,12,18,22,24,32,33,17
Sat 12 Feb 2005,11,18,20,23,32,48,25
Wed 16 Feb 2005,9,13,18,29,30,49,41
Sat 19 Feb 2005,10,16,19,30,35,45,6
Wed 23 Feb 2005,17,25,30,32,36,37,6
Sat 26 Feb 2005,8,14,25,40,43,48,33
Wed 02 Mar 2005,3,6,15,16,33,48,43
Sat 05 Mar 2005,6,19,24,26,27,49,8
Wed 09 Mar 2005,14,21,25,39,40,47,20
Sat 12 Mar 2005,1,2,8,9,41,48,29
Wed 16 Mar 2005,3,7,9,21,35,39,32
Sat 19 Mar 2005,6,8,18,33,43,49,27
Wed 23 Mar 2005,12,14,25,30,32,38,42
Sat 26 Mar 2005,5,21,23,28,40,48,26
Wed 30 Mar 2005,1,11,23,26,29,31,39
Sat 02 Apr 2005,18,26,27,29,34,42,36
Wed 06 Apr 2005,22,26,36,43,45,49,6
Sat 09 Apr 2005,14,22,25,27,45,47,8
Wed 13 Apr 2005,14,23,36,40,41,48,6
Sat 16 Apr 2005,25,26,32,39,40,42,41
Wed 20 Apr 2005,13,26,27,38,41,43,35
Sat 23 Apr 2005,3,18,25,29,31,43,23
Wed 27 Apr 2005,2,15,20,24,32,47,29
Sat 30 Apr 2005,2,23,26,30,39,47,31
Wed 04 May 2005,30,35,38,41,45,48,46
Sat 07 May 2005,2,6,21,34,35,49,46
Wed 11 May 2005,1,6,11,17,29,43,8
Sat 14 May 2005,12,18,22,33,43,48,25
Wed 18 May 2005,4,19,22,27,28,47,41
Sat 21 May 2005,14,34,38,43,47,48,9
Wed 25 May 2005,14,18,29,33,37,39,47
Sat 28 May 2005,10,16,21,24,34,46,30
Wed 01 Jun 2005,3,11,17,19,20,41,6
Sat 04 Jun 2005,6,8,13,15,21,40,35
Wed 08 Jun 2005,11,13,26,34,44,48,2
Sat 11 Jun 2005,1,2,18,25,34,45,31
Wed 15 Jun 2005,7,11,12,37,42,45,4
Sat 18 Jun 2005,4,7,26,41,42,49,37
Wed 22 Jun 2005,1,4,7,44,47,48,14
Sat 25 Jun 2005,15,23,27,38,44,49,34
Wed 29 Jun 2005,7,12,23,26,29,44,31
Sat 02 Jul 2005,8,25,33,35,38,40,7
Wed 06 Jul 2005,3,12,17,36,44,49,20
Sat 09 Jul 2005,7,20,22,23,34,37,38
Wed 13 Jul 2005,3,25,36,39,42,47,23
Sat 16 Jul 2005,2,3,21,24,38,44,47
Wed 20 Jul 2005,4,29,39,41,43,45,42
Sat 23 Jul 2005,7,12,16,24,29,37,44
Wed 27 Jul 2005,10,12,13,17,31,37,44
Sat 30 Jul 2005,3,9,13,35,43,45,8
Wed 03 Aug 2005,2,10,30,36,37,43,29
Sat 06 Aug 2005,3,6,7,17,30,34,8
Wed 10 Aug 2005,8,15,30,31,34,43,40
Sat 13 Aug 2005,19,22,30,35,44,48,3
Wed 17 Aug 2005,3,10,13,22,31,33,15
Sat 20 Aug 2005,7,11,12,20,38,44,45
Wed 24 Aug 2005,1,40,43,44,48,49,2
Sat 27 Aug 2005,6,13,17,23,32,43,49
Wed 31 Aug 2005,4,10,14,21,32,49,44
Sat 03 Sep 2005,14,26,34,35,36,45,32
Wed 07 Sep 2005,1,5,7,41,43,49,45
Sat 10 Sep 2005,1,8,24,27,34,46,30
Wed 14 Sep 2005,15,20,22,25,35,39,36
Sat 17 Sep 2005,9,21,23,31,40,46,8
Wed 21 Sep 2005,2,23,33,35,40,42,25
Sat 24 Sep 2005,2,11,27,29,36,44,15
Wed 28 Sep 2005,21,32,41,42,43,46,17
Sat 01 Oct 2005,4,6,31,42,46,47,11
Wed 05 Oct 2005,14,17,23,30,34,42,19
Sat 08 Oct 2005,1,14,20,22,25,26,9
Wed 12 Oct 2005,5,7,13,15,19,45,38
Sat 15 Oct 2005,4,7,29,30,42,44,39
Wed 19 Oct 2005,7,18,20,21,29,47,31
Sat 22 Oct 2005,18,20,22,30,32,39,3
Wed 26 Oct 2005,10,14,26,28,33,38,23
Sat 29 Oct 2005,2,5,13,30,39,49,3
Wed 02 Nov 2005,19,25,32,47,48,49,28
Sat 05 Nov 2005,12,13,21,26,32,39,17
Wed 09 Nov 2005,1,15,23,30,45,49,33
Sat 12 Nov 2005,12,13,25,30,45,47,42
Wed 16 Nov 2005,4,9,22,24,30,41,20
Sat 19 Nov 2005,4,9,10,19,24,37,28
Wed 23 Nov 2005,14,33,36,39,42,46,13
Sat 26 Nov 2005,19,27,28,34,39,46,7
Wed 30 Nov 2005,7,14,29,37,41,45,4
Sat 03 Dec 2005,2,10,11,28,36,47,33
Wed 07 Dec 2005,2,8,11,12,22,26,46
Sat 10 Dec 2005,20,23,25,30,31,48,10
Wed 14 Dec 2005,7,9,17,22,27,40,41
Sat 17 Dec 2005,7,11,15,21,35,47,43
Wed 21 Dec 2005,5,6,12,13,31,45,24
Sat 24 Dec 2005,17,21,25,27,30,37,16
Wed 28 Dec 2005,6,8,10,19,30,42,23
Sat 31 Dec 2005,6,9,11,33,36,49,29
Wed 04 Jan 2006,7,13,31,43,45,47,23
Sat 07 Jan 2006,8,14,19,28,29,48,6
Wed 11 Jan 2006,5,6,8,19,34,38,11
Sat 14 Jan 2006,4,8,16,23,28,47,34
Wed 18 Jan 2006,2,3,7,24,46,47,36
Sat 21 Jan 2006,1,25,26,27,39,49,37
Wed 25 Jan 2006,9,14,15,18,26,46,45
Sat 28 Jan 2006,9,18,22,29,30,48,23
Wed 01 Feb 2006,5,11,13,17,44,48,25
Sat 04 Feb 2006,1,3,6,22,23,39,21
Wed 08 Feb 2006,9,27,28,31,41,42,25
Sat 11 Feb 2006,4,9,15,25,30,40,42
Wed 15 Feb 2006,5,11,12,16,17,45,42
Sat 18 Feb 2006,9,23,32,35,36,40,5
Wed 22 Feb 2006,5,9,27,35,42,43,14
Sat 25 Feb 2006,7,14,24,37,43,48,29
Wed 01 Mar 2006,15,16,19,28,38,42,20
Sat 04 Mar 2006,1,16,22,32,33,40,48
Wed 08 Mar 2006,1,11,14,35,37,42,26
Sat 11 Mar 2006,4,9,13,29,31,36,16
Wed 15 Mar 2006,1,14,21,30,35,48,24
Sat 18 Mar 2006,7,10,22,24,34,44,18
Wed 22 Mar 2006,4,8,16,19,34,40,38
Sat 25 Mar 2006,2,6,10,17,29,30,9
Wed 29 Mar 2006,2,6,18,36,37,44,19
Sat 01 Apr 2006,9,17,18,21,23,39,45
Wed 05 Apr 2006,1,2,16,22,26,49,15
Sat 08 Apr 2006,5,6,7,18,28,40,12
Wed 12 Apr 2006,7,19,26,38,44,49,24
Sat 15 Apr 2006,7,15,19,23,37,48,45
Wed 19 Apr 2006,3,9,33,44,47,49,38
Sat 22 Apr 2006,9,24,30,40,42,48,15
Wed 26 Apr 2006,1,27,32,33,45,48,25
Sat 29 Apr 2006,10,29,31,32,36,47,17
Wed 03 May 2006,9,11,22,39,40,42,12
Sat 06 May 2006,2,7,11,21,33,34,8
Wed 10 May 2006,8,13,28,32,36,46,15
Sat 13 May 2006,3,15,21,22,36,47,27
Wed 17 May 2006,3,10,19,33,35,38,8
Sat 20 May 2006,6,16,17,22,24,45,48
Wed 24 May 2006,1,17,25,29,41,46,6
Sat 27 May 2006,5,8,12,24,28,31,22
Wed 31 May 2006,4,16,32,34,35,37,1
Sat 03 Jun 2006,4,6,7,9,28,39,20
Wed 07 Jun 2006,6,9,11,14,33,48,31
Sat 10 Jun 2006,14,27,32,39,41,47,12
Wed 14 Jun 2006,4,7,10,33,35,49,46
Sat 17 Jun 2006,25,26,33,40,41,47,10
Wed 21 Jun 2006,8,16,27,38,44,49,31
Sat 24 Jun 2006,9,14,21,23,39,44,19
Wed 28 Jun 2006,11,12,34,39,44,48,21
Sat 01 Jul 2006,18,28,33,37,39,42,15
Wed 05 Jul 2006,7,17,29,33,42,45,24
Sat 08 Jul 2006,6,10,19,29,32,42,13
Wed 12 Jul 2006,18,20,26,27,28,39,45
Sat 15 Jul 2006,6,12,19,20,38,39,13
Wed 19 Jul 2006,4,21,25,37,45,46,6
Sat 22 Jul 2006,20,22,23,26,31,47,2
Wed 26 Jul 2006,7,17,27,30,33,39,6
Sat 29 Jul 2006,4,5,16,19,21,49,20
Wed 02 Aug 2006,5,8,9,18,41,47,49
Sat 05 Aug 2006,3,11,13,18,26,31,35
Wed 09 Aug 2006,2,4,12,16,18,41,48
Sat 12 Aug 2006,24,30,38,43,46,49,6
Wed 16 Aug 2006,4,8,16,20,25,31,43
Sat 19 Aug 2006,6,29,31,34,40,48,4
Wed 23 Aug 2006,6,16,20,21,23,37,40
Sat 26 Aug 2006,10,17,24,31,42,49,5
Wed 30 Aug 2006,19,21,22,38,44,49,45
Sat 02 Sep 2006,3,8,20,22,34,40,38
Wed 06 Sep 2006,5,7,14,29,37,38,12
Sat 09 Sep 2006,2,15,21,37,43,46,36
Wed 13 Sep 2006,8,15,17,40,43,48,21
Sat 16 Sep 2006,11,12,16,33,34,43,28
Wed 20 Sep 2006,3,21,29,35,38,45,46
Sat 23 Sep 2006,6,26,28,35,42,43,38
Wed 27 Sep 2006,2,3,16,27,44,48,24
Sat 30 Sep 2006,8,12,13,19,26,38,11
Wed 04 Oct 2006,12,14,16,19,27,32,44
Sat 07 Oct 2006,4,13,23,24,26,36,45
Wed 11 Oct 2006,14,16,24,26,27,39,6
Sat 14 Oct 2006,8,15,24,31,37,42,45
Wed 18 Oct 2006,6,12,36,39,41,48,17
Sat 21 Oct 2006,15,18,23,31,37,49,38
Wed 25 Oct 2006,2,7,10,14,16,22,43
Sat 28 Oct 2006,4,5,6,12,20,29,30
Wed 01 Nov 2006,9,13,14,20,31,35,32
Sat 04 Nov 2006,17,30,33,40,42,43,34
Wed 08 Nov 2006,2,18,31,38,39,46,42
Sat 11 Nov 2006,23,24,28,33,34,41,18
Wed 15 Nov 2006,2,3,17,22,40,42,12
Sat 18 Nov 2006,1,19,20,32,42,46,49
Wed 22 Nov 2006,14,15,24,31,45,49,34
Sat 25 Nov 2006,4,7,31,38,44,48,1
Wed 29 Nov 2006,17,20,31,40,42,46,1
Sat 02 Dec 2006,9,11,15,31,42,46,27
Wed 06 Dec 2006,2,5,9,12,22,32,34
Sat 09 Dec 2006,5,8,10,18,20,46,43
Wed 13 Dec 2006,4,12,14,20,46,49,24
Sat 16 Dec 2006,5,8,11,27,30,46,34
Wed 20 Dec 2006,4,10,21,22,25,38,31
Sat 23 Dec 2006,10,16,24,37,44,49,4
Wed 27 Dec 2006,16,27,29,34,39,45,19
Sat 30 Dec 2006,1,2,7,11,37,45,14
Wed 03 Jan 2007,4,6,30,36,43,44,20
Sat 06 Jan 2007,15,25,29,35,39,40,11
Wed 10 Jan 2007,1,2,13,29,33,49,6
Sat 13 Jan 2007,5,8,12,20,28,48,40
Wed 17 Jan 2007,12,17,21,25,31,37,30
Sat 20 Jan 2007,4,7,26,28,39,49,47
Wed 24 Jan 2007,2,8,10,31,46,48,12
Sat 27 Jan 2007,4,15,21,23,24,38,36
Wed 31 Jan 2007,13,14,21,30,43,49,17
Sat 03 Feb 2007,13,17,39,46,47,49,48
Wed 07 Feb 2007,6,16,18,29,30,35,48
Sat 10 Feb 2007,22,26,38,39,41,42,8
Wed 14 Feb 2007,1,2,4,38,42,43,23
Sat 17 Feb 2007,6,18,40,43,47,49,32
Wed 21 Feb 2007,1,6,26,34,39,42,25
Sat 24 Feb 2007,5,18,26,34,42,49,8
Wed 28 Feb 2007,4,15,34,40,44,46,45
Sat 03 Mar 2007,1,5,11,19,28,36,38
Wed 07 Mar 2007,4,14,25,35,42,48,37
Sat 10 Mar 2007,1,9,16,34,38,41,4
Wed 14 Mar 2007,6,21,24,38,39,48,41
Sat 17 Mar 2007,1,9,14,20,43,44,32
Wed 21 Mar 2007,15,19,29,35,44,45,7
Sat 24 Mar 2007,9,14,26,28,30,45,38
Wed 28 Mar 2007,2,5,19,23,32,41,38
Sat 31 Mar 2007,3,35,39,42,44,48,41
Wed 04 Apr 2007,11,14,19,35,46,49,17
Sat 07 Apr 2007,23,24,30,31,33,37,20
Wed 11 Apr 2007,8,11,21,32,35,42,47
Sat 14 Apr 2007,13,16,23,29,36,49,14
Wed 18 Apr 2007,8,11,17,30,32,41,47
Sat 21 Apr 2007,14,20,21,30,41,46,6
Wed 25 Apr 2007,1,7,25,31,32,39,18
Sat 28 Apr 2007,11,17,24,28,41,47,48
Wed 02 May 2007,11,18,25,27,39,44,34
Sat 05 May 2007,4,33,34,38,39,49,23
Wed 09 May 2007,8,9,19,34,47,49,4
Sat 12 May 2007,3,6,9,12,40,43,44
Wed 16 May 2007,9,20,22,24,27,28,12
Sat 19 May 2007,17,19,20,32,36,48,18
Wed 23 May 2007,3,19,31,32,36,40,43
Sat 26 May 2007,3,15,19,24,28,34,17
Wed 30 May 2007,2,20,22,25,41,47,37
Sat 02 Jun 2007,1,10,33,35,38,43,34
Wed 06 Jun 2007,7,21,22,28,37,40,1
Sat 09 Jun 2007,2,3,23,33,40,46,30
Wed 13 Jun 2007,13,19,24,30,40,48,31
Sat 16 Jun 2007,8,17,33,41,43,45,37
Wed 20 Jun 2007,13,16,22,43,47,49,28
Sat 23 Jun 2007,6,12,19,25,31,41,21
Wed 27 Jun 2007,7,13,23,40,41,48,1
Sat 30 Jun 2007,10,11,17,34,38,46,48
Wed 04 Jul 2007,3,13,22,32,44,46,26
Sat 07 Jul 2007,16,22,28,30,33,35,37
Wed 11 Jul 2007,3,9,10,12,46,47,22
Sat 14 Jul 2007,15,27,35,37,38,39,11
Wed 18 Jul 2007,12,31,33,39,41,45,23
Sat 21 Jul 2007,3,10,21,25,29,49,20
Wed 25 Jul 2007,3,18,21,24,36,38,20
Sat 28 Jul 2007,4,18,22,27,44,48,33
Wed 01 Aug 2007,3,6,15,23,28,42,40
Sat 04 Aug 2007,12,23,25,26,34,49,4
Wed 08 Aug 2007,3,9,12,13,20,43,7
Sat 11 Aug 2007,6,10,11,19,22,46,40
Wed 15 Aug 2007,2,5,15,34,35,43,12
Sat 18 Aug 2007,2,12,26,32,37,47,22
Wed 22 Aug 2007,18,31,35,39,40,42,32
Sat 25 Aug 2007,7,13,17,33,40,42,8
Wed 29 Aug 2007,4,6,11,17,31,41,44
Sat 01 Sep 2007,3,27,34,41,42,48,8
Wed 05 Sep 2007,11,24,26,35,39,40,38
Sat 08 Sep 2007,4,10,20,24,39,49,31
Wed 12 Sep 2007,4,13,18,21,30,46,5
Sat 15 Sep 2007,3,7,12,21,25,36,24
Wed 19 Sep 2007,2,5,6,13,25,47,45
Sat 22 Sep 2007,3,12,15,18,30,31,25
Wed 26 Sep 2007,2,8,16,24,32,41,4
Sat 29 Sep 2007,1,9,10,11,16,49,37
Wed 03 Oct 2007,1,17,24,26,30,49,14
Sat 06 Oct 2007,5,6,18,22,24,38,10
Wed 10 Oct 2007,1,9,24,27,36,45,49
Sat 13 Oct 2007,7,11,12,36,38,39,44
Wed 17 Oct 2007,10,12,22,32,45,46,27
Sat 20 Oct 2007,4,15,25,27,33,40,20
Wed 24 Oct 2007,14,16,24,28,45,48,29
Sat 27 Oct 2007,6,8,10,13,22,32,3
Wed 31 Oct 2007,9,12,20,25,33,35,17
Sat 03 Nov 2007,3,10,22,25,31,49,4
Wed 07 Nov 2007,2,6,9,13,17,36,4
Sat 10 Nov 2007,5,11,13,18,25,35,7
Wed 14 Nov 2007,4,5,21,35,37,42,14
Sat 17 Nov 2007,11,16,20,22,27,46,29
Wed 21 Nov 2007,6,8,24,25,32,47,15
Sat 24 Nov 2007,1,14,25,37,39,47,38
Wed 28 Nov 2007,11,15,25,33,44,45,17
Sat 01 Dec 2007,12,24,33,36,39,42,21
Wed 05 Dec 2007,2,8,13,18,26,39,10
Sat 08 Dec 2007,4,6,10,11,24,33,26
Wed 12 Dec 2007,19,20,23,42,44,45,7
Sat 15 Dec 2007,12,22,25,43,46,49,10
Wed 19 Dec 2007,11,13,21,33,36,47,3
Sat 22 Dec 2007,11,13,14,16,21,44,35
Wed 26 Dec 2007,8,14,18,23,27,44,48
Sat 29 Dec 2007,4,13,23,28,30,32,11
Wed 02 Jan 2008,13,15,25,31,37,39,41
Sat 05 Jan 2008,2,3,12,20,33,49,11
Wed 09 Jan 2008,14,24,26,28,44,49,45
Sat 12 Jan 2008,6,11,15,18,34,45,43
Wed 16 Jan 2008,8,13,17,22,29,42,43
Sat 19 Jan 2008,6,10,30,32,43,45,23
Wed 23 Jan 2008,4,12,13,15,30,36,42
Sat 26 Jan 2008,1,2,6,13,38,43,24
Wed 30 Jan 2008,7,8,27,37,40,46,1
Sat 02 Feb 2008,5,7,18,22,25,34,12
Wed 06 Feb 2008,2,5,12,15,30,48,38
Sat 09 Feb 2008,2,14,26,29,31,40,7
Wed 13 Feb 2008,9,14,24,28,32,41,13
Sat 16 Feb 2008,9,18,21,24,37,48,22
Wed 20 Feb 2008,7,17,29,31,39,44,4
Sat 23 Feb 2008,8,11,16,25,39,46,37
Wed 27 Feb 2008,16,29,30,32,38,45,40
Sat 01 Mar 2008,1,8,12,20,29,49,4
Wed 05 Mar 2008,8,14,16,39,43,47,38
Sat 08 Mar 2008,4,15,18,30,31,47,9
Wed 12 Mar 2008,1,13,26,38,41,47,7
Sat 15 Mar 2008,2,23,37,40,48,49,29
Wed 19 Mar 2008,5,21,22,25,27,35,14
Sat 22 Mar 2008,7,11,14,27,45,48,37
Wed 26 Mar 2008,3,22,27,33,45,48,17
Sat 29 Mar 2008,11,17,28,31,40,43,39
Wed 02 Apr 2008,2,6,21,23,43,47,29
Sat 05 Apr 2008,7,23,30,41,45,49,2
Wed 09 Apr 2008,1,6,8,14,17,32,12
Sat 12 Apr 2008,4,17,22,44,46,49,26
Wed 16 Apr 2008,4,10,14,29,31,38,43
Sat 19 Apr 2008,5,19,24,38,42,46,27
Wed 23 Apr 2008,10,15,23,34,39,41,33
Sat 26 Apr 2008,1,4,16,37,39,40,35
Wed 30 Apr 2008,15,31,33,35,41,44,9
Sat 03 May 2008,2,15,17,32,36,42,4
Wed 07 May 2008,9,10,12,16,30,31,3
Sat 10 May 2008,4,14,18,24,32,40,37
Wed 14 May 2008,3,4,29,34,41,42,25
Sat 17 May 2008,3,11,12,41,46,47,20
Wed 21 May 2008,2,23,38,41,47,49,1
Sat 24 May 2008,3,6,10,26,30,38,15
Wed 28 May 2008,10,25,28,36,45,48,40
Sat 31 May 2008,15,20,22,34,37,39,17
Wed 04 Jun 2008,19,27,35,37,39,42,23
Sat 07 Jun 2008,5,9,14,37,38,44,42
Wed 11 Jun 2008,1,8,22,28,35,44,19
Sat 14 Jun 2008,7,16,17,23,29,34,4
Wed 18 Jun 2008,12,26,34,39,40,45,19
Sat 21 Jun 2008,8,9,11,16,18,22,36
Wed 25 Jun 2008,11,12,22,23,24,36,26
Sat 28 Jun 2008,7,12,19,23,46,48,28
Wed 02 Jul 2008,3,4,12,23,30,31,33
Sat 05 Jul 2008,2,22,26,28,30,39,12
Wed 09 Jul 2008,2,3,9,15,26,29,19
Sat 12 Jul 2008,16,27,28,29,30,42,43
Wed 16 Jul 2008,3,12,17,18,22,42,19
Sat 19 Jul 2008,6,9,13,18,29,30,37
Wed 23 Jul 2008,15,17,33,35,39,40,49
Sat 26 Jul 2008,3,11,19,24,33,35,9
Wed 30 Jul 2008,4,26,28,32,44,46,7
Sat 02 Aug 2008,8,15,23,32,35,49,9
Wed 06 Aug 2008,7,9,23,30,47,49,18
Sat 09 Aug 2008,9,10,17,29,33,40,15
Wed 13 Aug 2008,5,9,10,11,23,26,12
Sat 16 Aug 2008,2,3,9,34,35,41,46
Wed 20 Aug 2008,1,29,32,33,34,38,6
Sat 23 Aug 2008,9,16,23,26,27,42,44
Wed 27 Aug 2008,8,14,33,34,35,43,12
Sat 30 Aug 2008,2,14,27,31,36,44,48
Wed 03 Sep 2008,3,5,7,9,24,35,11
Sat 06 Sep 2008,4,6,9,13,35,36,46
Wed 10 Sep 2008,7,15,16,19,22,48,38
Sat 13 Sep 2008,5,21,28,29,40,44,35
Wed 17 Sep 2008,3,9,11,24,29,43,25
Sat 20 Sep 2008,5,15,20,22,24,47,45
Wed 24 Sep 2008,1,14,21,24,35,46,38
Sat 27 Sep 2008,11,21,27,38,40,44,2
Wed 01 Oct 2008,6,27,29,38,42,49,30
Sat 04 Oct 2008,17,18,28,29,32,40,39
Wed 08 Oct 2008,9,13,24,25,42,48,5
Sat 11 Oct 2008,20,21,23,24,27,28,33
Wed 15 Oct 2008,1,8,15,18,34,38,19
Sat 18 Oct 2008,3,10,12,30,39,40,23
Wed 22 Oct 2008,1,12,29,35,37,40,25
Sat 25 Oct 2008,1,20,31,38,43,46,36
Wed 29 Oct 2008,6,10,12,15,20,27,26
Sat 01 Nov 2008,18,19,25,30,33,43,4
Wed 05 Nov 2008,2,11,13,27,34,43,25
Sat 08 Nov 2008,15,24,26,27,33,34,23
Wed 12 Nov 2008,1,5,13,20,27,45,14
Sat 15 Nov 2008,14,17,30,37,38,41,49
Wed 19 Nov 2008,5,7,18,27,31,33,29
Sat 22 Nov 2008,4,12,34,35,38,48,27
Wed 26 Nov 2008,3,6,13,23,27,49,16
Sat 29 Nov 2008,10,34,35,39,43,47,33
Wed 03 Dec 2008,4,12,19,21,34,44,38
Sat 06 Dec 2008,10,12,20,37,39,48,31
Wed 10 Dec 2008,9,11,23,27,29,33,36
Sat 13 Dec 2008,2,4,16,28,37,47,5
Wed 17 Dec 2008,10,15,17,26,46,49,47
Sat 20 Dec 2008,3,9,11,23,36,44,25
Wed 24 Dec 2008,2,10,24,31,37,47,38
Sat 27 Dec 2008,7,10,24,39,40,42,5
Wed 31 Dec 2008,3,11,15,33,36,45,38
Sat 03 Jan 2009,9,19,36,37,39,49,10
Wed 07 Jan 2009,1,8,27,32,39,45,7
Sat 10 Jan 2009,5,8,11,15,38,45,21
Wed 14 Jan 2009,3,18,28,37,39,42,40
Sat 17 Jan 2009,1,7,9,33,36,38,39
Wed 21 Jan 2009,3,25,28,29,32,45,48
Sat 24 Jan 2009,24,25,26,38,39,40,3
Wed 28 Jan 2009,4,29,37,39,40,43,9
Sat 31 Jan 2009,1,4,13,15,35,38,39
Wed 04 Feb 2009,4,24,31,33,36,40,25
Sat 07 Feb 2009,3,7,24,25,26,41,28
Wed 11 Feb 2009,9,14,16,38,46,47,11
Sat 14 Feb 2009,2,4,17,19,38,45,15
Wed 18 Feb 2009,5,23,24,29,39,44,26
Sat 21 Feb 2009,18,22,26,42,45,46,44
Wed 25 Feb 2009,6,19,25,32,37,39,21
Sat 28 Feb 2009,6,25,33,37,42,43,23
Wed 04 Mar 2009,3,21,25,32,37,46,15
Sat 07 Mar 2009,6,21,30,32,33,44,35
Wed 11 Mar 2009,6,9,20,21,31,34,48
Sat 14 Mar 2009,9,16,25,29,31,37,24
Wed 18 Mar 2009,2,5,22,25,39,41,27
Sat 21 Mar 2009,1,31,32,33,36,38,8
Wed 25 Mar 2009,13,23,26,27,37,49,47
Sat 28 Mar 2009,2,17,19,28,31,47,14
Wed 01 Apr 2009,3,5,14,19,24,40,38
Sat 04 Apr 2009,11,18,28,32,36,39,21
Wed 08 Apr 2009,8,10,21,23,25,48,3
Sat 11 Apr 2009,6,11,24,30,32,45,3
Wed 15 Apr 2009,5,9,18,23,31,39,37
Sat 18 Apr 2009,13,24,33,35,42,49,37
Wed 22 Apr 2009,11,21,34,42,43,45,20
Sat 25 Apr 2009,7,14,17,39,41,49,29
Wed 29 Apr 2009,1,15,35,42,45,48,38
Sat 02 May 2009,10,17,25,32,34,40,20
Wed 06 May 2009,1,8,10,13,20,34,28
Sat 09 May 2009,6,9,28,31,37,42,12
Wed 13 May 2009,13,16,19,31,37,47,5
Sat 16 May 2009,1,5,9,27,42,45,21
Wed 20 May 2009,9,10,30,37,45,46,29
Sat 23 May 2009,12,17,32,41,44,48,15
Wed 27 May 2009,2,12,24,31,41,48,40
Sat 30 May 2009,2,5,19,20,33,43,32
Wed 03 Jun 2009,4,6,22,31,33,35,3
Sat 06 Jun 2009,6,14,32,35,41,42,43
Wed 10 Jun 2009,3,8,21,23,30,46,26
Sat 13 Jun 2009,1,13,18,36,43,48,2
Wed 17 Jun 2009,8,10,11,14,28,36,18
Sat 20 Jun 2009,3,4,17,24,29,40,46
Wed 24 Jun 2009,10,17,20,21,23,31,32
Sat 27 Jun 2009,9,17,25,26,31,42,7
Wed 01 Jul 2009,1,2,11,31,38,43,46
Sat 04 Jul 2009,14,16,26,39,44,48,23
Wed 08 Jul 2009,10,16,21,22,35,49,31
Sat 11 Jul 2009,4,6,10,28,35,39,8
Wed 15 Jul 2009,5,8,10,29,39,41,15
Sat 18 Jul 2009,9,27,28,33,39,41,12
Wed 22 Jul 2009,2,22,23,31,35,40,20
Sat 25 Jul 2009,8,17,30,32,38,40,4
Wed 29 Jul 2009,3,13,19,20,23,26,1
Sat 01 Aug 2009,2,6,27,28,40,49,14
Wed 05 Aug 2009,1,16,18,32,39,44,33
Sat 08 Aug 2009,9,17,26,32,33,36,6
Wed 12 Aug 2009,9,20,21,27,39,40,14
Sat 15 Aug 2009,16,31,32,46,47,48,34
Wed 19 Aug 2009,10,23,26,30,41,45,49
Sat 22 Aug 2009,18,23,24,36,43,44,21
Wed 26 Aug 2009,3,9,11,17,27,48,6
Sat 29 Aug 2009,9,18,34,37,39,47,5
Wed 02 Sep 2009,2,4,7,27,28,35,21
Sat 05 Sep 2009,12,19,22,26,36,41,39
Wed 09 Sep 2009,2,11,23,28,35,39,15
Sat 12 Sep 2009,18,20,24,30,43,44,47
Wed 16 Sep 2009,18,23,34,44,46,48,6
Sat 19 Sep 2009,18,20,31,33,43,45,1
Wed 23 Sep 2009,23,25,28,41,46,47,27
Sat 26 Sep 2009,3,5,17,32,40,43,29
Wed 30 Sep 2009,2,10,15,28,36,41,8
Sat 03 Oct 2009,14,21,23,32,36,46,17
Wed 07 Oct 2009,26,27,28,43,45,46,5
Sat 10 Oct 2009,17,36,37,40,43,45,34
Wed 14 Oct 2009,5,11,24,32,35,42,20
Sat 17 Oct 2009,11,25,27,32,37,43,3
Wed 21 Oct 2009,6,12,16,19,33,44,20
Sat 24 Oct 2009,5,9,12,31,32,38,3
Wed 28 Oct 2009,24,25,34,38,41,43,11
Sat 31 Oct 2009,12,18,26,35,40,44,49
Wed 04 Nov 2009,1,2,23,39,42,49,5
Sat 07 Nov 2009,19,21,39,44,45,49,47
Wed 11 Nov 2009,4,6,12,31,38,48,29
Sat 14 Nov 2009,1,5,9,20,23,39,38
Wed 18 Nov 2009,1,4,12,13,18,19,38
Sat 21 Nov 2009,9,24,30,32,36,40,35
Wed 25 Nov 2009,3,6,11,17,23,29,44
Sat 28 Nov 2009,3,4,27,30,36,47,8
Wed 02 Dec 2009,2,19,22,25,34,47,28
Sat 05 Dec 2009,8,20,36,43,45,49,12
Wed 09 Dec 2009,5,13,31,36,40,41,6
Sat 12 Dec 2009,3,13,22,23,39,45,4
Wed 16 Dec 2009,2,20,34,35,40,44,49
Sat 19 Dec 2009,1,20,28,33,40,45,35
Wed 23 Dec 2009,15,18,26,32,36,37,22
Sat 26 Dec 2009,2,8,23,25,36,42,30
Wed 30 Dec 2009,5,14,27,29,34,35,4
Sat 02 Jan 2010,26,29,30,42,43,47,18
Wed 06 Jan 2010,4,16,18,43,45,49,23
Sat 09 Jan 2010,20,24,33,34,37,48,25
Wed 13 Jan 2010,6,8,14,16,21,43,19
Sat 16 Jan 2010,4,7,10,14,27,42,25
Wed 20 Jan 2010,2,16,17,18,27,28,43
Sat 23 Jan 2010,3,7,8,16,19,30,9
Wed 27 Jan 2010,1,4,7,11,13,27,12
Sat 30 Jan 2010,2,3,4,19,23,40,22
Wed 03 Feb 2010,3,11,12,20,21,28,31
Sat 06 Feb 2010,3,12,15,17,22,29,5
Wed 10 Feb 2010,5,7,15,37,42,44,3
Sat 13 Feb 2010,16,22,24,30,39,44,9
Wed 17 Feb 2010,3,22,27,31,38,49,45
Sat 20 Feb 2010,8,24,27,31,34,36,19
Wed 24 Feb 2010,3,11,18,23,38,49,34
Sat 27 Feb 2010,7,14,17,42,44,45,47
Wed 03 Mar 2010,18,27,32,35,44,47,23
Sat 06 Mar 2010,6,13,27,28,34,42,43
Wed 10 Mar 2010,1,6,13,23,29,34,37
Sat 13 Mar 2010,23,25,28,33,44,49,46
Wed 17 Mar 2010,16,30,34,37,41,42,5
Sat 20 Mar 2010,5,11,13,18,25,46,26
Wed 24 Mar 2010,3,5,23,28,42,49,41
Sat 27 Mar 2010,6,11,15,32,38,42,24
Wed 31 Mar 2010,14,18,29,38,43,44,13
Sat 03 Apr 2010,8,9,19,28,31,37,45
Wed 07 Apr 2010,8,11,20,33,43,47,49
Sat 10 Apr 2010,6,9,11,21,40,48,27
Wed 14 Apr 2010,2,6,8,23,44,46,37
Sat 17 Apr 2010,3,10,29,31,36,44,45
Wed 21 Apr 2010,2,10,16,19,33,45,30
Sat 24 Apr 2010,1,4,12,23,33,40,35
Wed 28 Apr 2010,5,11,19,23,38,46,34
Sat 01 May 2010,6,15,28,29,30,47,19
Wed 05 May 2010,3,6,8,10,36,47,2
Sat 08 May 2010,1,26,28,32,46,48,10
Wed 12 May 2010,11,17,19,40,44,45,16
Sat 15 May 2010,1,4,24,26,27,48,28
Wed 19 May 2010,15,23,24,34,36,47,44
Sat 22 May 2010,1,4,16,37,47,49,27
Wed 26 May 2010,2,4,5,19,20,27,21
Sat 29 May 2010,2,17,36,39,42,48,41
Wed 02 Jun 2010,2,12,17,25,33,39,1
Sat 05 Jun 2010,5,22,23,24,26,29,31
Wed 09 Jun 2010,14,26,33,45,46,49,30
Sat 12 Jun 2010,1,16,17,19,33,34,9
Wed 16 Jun 2010,4,8,32,34,40,47,16
Sat 19 Jun 2010,34,37,39,41,42,47,45
Wed 23 Jun 2010,5,9,13,17,22,27,30
Sat 26 Jun 2010,18,26,33,35,37,47,3
Wed 30 Jun 2010,6,18,20,25,35,36,31
Sat 03 Jul 2010,8,31,37,43,44,48,14
Wed 07 Jul 2010,23,29,34,36,41,45,22
Sat 10 Jul 2010,3,5,30,31,38,47,37
Wed 14 Jul 2010,1,15,25,26,40,43,16
Sat 17 Jul 2010,15,28,32,43,44,45,20
Wed 21 Jul 2010,8,16,25,27,28,34,32
Sat 24 Jul 2010,24,26,33,35,43,44,27
Wed 28 Jul 2010,1,11,33,37,42,43,19
Sat 31 Jul 2010,10,24,30,33,40,45,16
Wed 04 Aug 2010,14,17,22,24,38,43,21
Sat 07 Aug 2010,13,16,22,25,31,39,7
Wed 11 Aug 2010,4,21,25,27,31,34,45
Sat 14 Aug 2010,5,13,17,31,42,46,4
Wed 18 Aug 2010,2,13,16,24,25,40,18
Sat 21 Aug 2010,8,15,19,26,33,36,1
Wed 25 Aug 2010,5,10,12,17,28,30,47
Sat 28 Aug 2010,3,17,32,35,43,49,27
Wed 01 Sep 2010,7,20,21,27,28,41,4
Sat 04 Sep 2010,16,19,26,27,41,47,34
Wed 08 Sep 2010,8,10,26,34,48,49,6
Sat 11 Sep 2010,4,20,21,35,39,40,28
Wed 15 Sep 2010,2,20,33,40,43,46,14
Sat 18 Sep 2010,4,5,16,17,20,32,3
Wed 22 Sep 2010,9,12,27,29,41,47,19
Sat 25 Sep 2010,19,22,30,33,35,39,5
Wed 29 Sep 2010,21,25,29,32,38,44,14
Sat 02 Oct 2010,10,16,25,26,32,40,46
Wed 06 Oct 2010,9,17,18,23,30,35,14
Sat 09 Oct 2010,5,11,19,29,33,35,46
Wed 13 Oct 2010,18,19,24,26,27,44,8
Sat 16 Oct 2010,6,30,34,38,45,48,32
Wed 20 Oct 2010,14,30,31,36,44,47,26
Sat 23 Oct 2010,2,3,14,29,35,42,12
Wed 27 Oct 2010,3,5,11,16,41,48,32
Sat 30 Oct 2010,2,22,32,33,37,45,11
Wed 03 Nov 2010,13,21,28,37,39,45,6
Sat 06 Nov 2010,12,22,30,31,34,39,36
Wed 10 Nov 2010,15,26,30,35,40,41,34
Sat 13 Nov 2010,5,11,29,31,35,39,45
Wed 17 Nov 2010,3,6,27,29,33,41,8
Sat 20 Nov 2010,6,7,8,17,27,46,29
Wed 24 Nov 2010,11,30,38,45,46,49,37
Sat 27 Nov 2010,4,10,18,41,42,47,8
Wed 01 Dec 2010,20,21,22,24,27,34,29
Sat 04 Dec 2010,4,15,19,44,45,49,11
Wed 08 Dec 2010,14,16,23,24,25,43,48
Sat 11 Dec 2010,11,15,24,33,43,49,27
Wed 15 Dec 2010,6,9,31,33,40,45,41
Sat 18 Dec 2010,9,21,35,38,46,49,40
Wed 22 Dec 2010,7,13,33,37,48,49,20
Sat 25 Dec 2010,13,15,22,25,33,34,17
Wed 29 Dec 2010,2,3,16,26,34,39,49
Sat 01 Jan 2011,4,9,33,34,36,45,26
Wed 05 Jan 2011,4,10,35,36,43,46,6
Sat 08 Jan 2011,13,14,32,35,41,47,46
Wed 12 Jan 2011,11,12,17,19,24,47,37
Sat 15 Jan 2011,7,8,21,24,33,34,2
Wed 19 Jan 2011,9,18,34,41,42,43,33
Sat 22 Jan 2011,4,14,18,24,41,44,25
Wed 26 Jan 2011,14,17,20,43,47,49,31
Sat 29 Jan 2011,5,20,25,30,36,47,15
Wed 02 Feb 2011,2,17,20,42,46,48,44
Sat 05 Feb 2011,33,34,37,40,41,47,5
Wed 09 Feb 2011,2,6,8,9,36,39,29
Sat 12 Feb 2011,16,24,27,28,30,36,35
Wed 16 Feb 2011,5,11,15,26,29,32,49
Sat 19 Feb 2011,6,16,26,32,34,46,33
Wed 23 Feb 2011,1,8,15,21,31,39,32
Sat 26 Feb 2011,6,8,20,29,34,36,43
Wed 02 Mar 2011,1,25,27,41,46,49,4
Sat 05 Mar 2011,4,13,23,29,41,43,49
Wed 09 Mar 2011,9,11,37,40,41,49,33
Sat 12 Mar 2011,7,17,19,29,30,38,40
Wed 16 Mar 2011,2,15,16,18,47,48,21
Sat 19 Mar 2011,10,26,28,34,35,39,17
Wed 23 Mar 2011,6,18,23,26,32,44,34
Sat 26 Mar 2011,2,9,16,21,31,44,38
Wed 30 Mar 2011,10,16,17,21,39,41,47
Sat 02 Apr 2011,12,14,32,44,48,49,25
Wed 06 Apr 2011,7,11,13,14,38,41,45
Sat 09 Apr 2011,6,8,17,21,39,47,22
Wed 13 Apr 2011,1,14,25,33,34,43,15
Sat 16 Apr 2011,4,34,40,41,44,49,46
Wed 20 Apr 2011,3,5,8,9,18,44,42
Sat 23 Apr 2011,5,6,18,36,44,49,10
Wed 27 Apr 2011,6,15,27,32,37,44,3
Sat 30 Apr 2011,1,6,12,29,36,44,21
Wed 04 May 2011,2,3,7,17,21,32,1
Sat 07 May 2011,17,18,24,29,35,48,3
Wed 11 May 2011,17,30,33,34,38,48,9
Sat 14 May 2011,8,18,27,28,46,48,44
Wed 18 May 2011,6,15,20,36,38,42,4
Sat 21 May 2011,4,17,23,24,30,35,5
Wed 25 May 2011,7,8,17,30,46,48,34
Sat 28 May 2011,2,3,17,23,40,43,31
Wed 01 Jun 2011,2,7,9,18,38,45,42
Sat 04 Jun 2011,7,21,25,32,43,44,27
Wed 08 Jun 2011,3,19,36,40,43,48,21
Sat 11 Jun 2011,9,11,35,37,40,45,26
Wed 15 Jun 2011,9,25,29,32,37,38,28
Sat 18 Jun 2011,3,8,10,35,38,39,31
Wed 22 Jun 2011,16,22,23,36,45,48,19
Sat 25 Jun 2011,5,9,15,30,32,39,31
Wed 29 Jun 2011,5,6,13,21,31,47,30
Sat 02 Jul 2011,10,18,34,35,39,48,6
Wed 06 Jul 2011,26,32,34,35,41,48,1
Sat 09 Jul 2011,1,2,21,24,33,49,39
Wed 13 Jul 2011,7,11,15,18,19,49,25
Sat 16 Jul 2011,4,9,13,15,18,40,30
Wed 20 Jul 2011,6,10,15,32,42,49,4
Sat 23 Jul 2011,1,2,11,30,33,45,39
Wed 27 Jul 2011,4,16,22,34,39,42,35
Sat 30 Jul 2011,4,10,29,32,34,40,48
Wed 03 Aug 2011,18,19,26,39,40,47,4
Sat 06 Aug 2011,1,14,18,24,26,28,19
Wed 10 Aug 2011,2,4,7,27,43,44,45
Sat 13 Aug 2011,5,30,31,33,35,45,3
Wed 17 Aug 2011,3,19,32,40,47,48,37
Sat 20 Aug 2011,2,3,18,30,34,35,24
Wed 24 Aug 2011,11,27,46,47,48,49,42
Sat 27 Aug 2011,6,7,29,32,41,46,49
Wed 31 Aug 2011,5,26,43,46,47,49,28
Sat 03 Sep 2011,4,17,20,26,29,36,31
Wed 07 Sep 2011,4,29,31,36,38,48,35
Sat 10 Sep 2011,5,7,9,10,22,47,37
Wed 14 Sep 2011,23,28,29,37,38,42,49
Sat 17 Sep 2011,2,3,6,41,44,45,10
Wed 21 Sep 2011,11,15,32,33,37,39,28
Sat 24 Sep 2011,10,16,29,34,37,47,31
Wed 28 Sep 2011,15,19,25,36,44,45,43
Sat 01 Oct 2011,4,15,17,26,37,41,29
Wed 05 Oct 2011,9,15,17,29,30,39,11
Sat 08 Oct 2011,6,16,22,26,30,34,45
Wed 12 Oct 2011,13,24,25,26,37,40,30
Sat 15 Oct 2011,7,12,27,34,41,46,14
Wed 19 Oct 2011,13,14,18,32,34,49,20
Sat 22 Oct 2011,20,27,28,34,43,44,1
Wed 26 Oct 2011,4,23,34,38,39,41,27
Sat 29 Oct 2011,5,9,14,28,46,49,45
Wed 02 Nov 2011,11,12,33,37,38,49,3
Sat 05 Nov 2011,14,16,23,24,27,39,43
Wed 09 Nov 2011,2,8,10,23,27,32,44
Sat 12 Nov 2011,6,12,13,28,33,38,10
Wed 16 Nov 2011,10,12,26,27,39,40,20
Sat 19 Nov 2011,1,29,31,32,34,36,45
Wed 23 Nov 2011,4,11,19,22,31,48,6
Sat 26 Nov 2011,13,16,25,26,36,46,15
Wed 30 Nov 2011,13,23,24,25,26,30,4
Sat 03 Dec 2011,1,30,35,47,48,49,8
Wed 07 Dec 2011,10,14,27,31,32,47,41
Sat 10 Dec 2011,16,21,24,29,30,39,20
Wed 14 Dec 2011,3,10,25,28,30,43,31
Sat 17 Dec 2011,1,22,35,39,42,48,12
Wed 21 Dec 2011,7,28,30,34,38,45,6
Sat 24 Dec 2011,1,15,23,32,36,43,19
Wed 28 Dec 2011,8,11,13,17,48,49,19
Sat 31 Dec 2011,7,11,37,38,42,44,2
Wed 04 Jan 2012,9,26,28,30,42,43,2
Sat 07 Jan 2012,8,14,15,17,20,47,38
Wed 11 Jan 2012,2,9,27,33,39,40,45
Sat 14 Jan 2012,7,10,12,15,25,42,33
Wed 18 Jan 2012,9,22,31,34,35,43,20
Sat 21 Jan 2012,5,17,32,39,42,49,19
Wed 25 Jan 2012,2,8,26,30,39,45,46
Sat 28 Jan 2012,10,12,25,28,31,40,1
Wed 01 Feb 2012,7,17,21,22,38,39,3
Sat 04 Feb 2012,4,7,40,41,45,48,46
Wed 08 Feb 2012,7,13,16,31,36,44,26
Sat 11 Feb 2012,1,23,24,31,45,49,6
Wed 15 Feb 2012,9,28,30,33,40,44,16
Sat 18 Feb 2012,2,19,22,30,33,41,24
Wed 22 Feb 2012,7,12,15,35,43,49,8
Sat 25 Feb 2012,7,25,26,27,29,32,33
Wed 29 Feb 2012,13,14,29,41,46,49,43
Sat 03 Mar 2012,7,20,23,28,31,40,42
Wed 07 Mar 2012,2,8,11,28,35,44,17
Sat 10 Mar 2012,1,3,12,23,37,43,33
Wed 14 Mar 2012,14,15,18,26,31,36,48
Sat 17 Mar 2012,1,3,16,20,37,40,15
Wed 21 Mar 2012,10,14,21,25,39,45,40
Sat 24 Mar 2012,6,24,27,31,39,45,32
Wed 28 Mar 2012,3,8,16,22,38,39,26
Sat 31 Mar 2012,2,5,18,40,47,49,19
Wed 04 Apr 2012,9,23,26,33,40,44,31
Sat 07 Apr 2012,12,16,23,25,31,42,18
Wed 11 Apr 2012,20,27,33,41,44,46,12
Sat 14 Apr 2012,1,5,15,22,26,42,40
Wed 18 Apr 2012,7,8,16,22,24,28,48
Sat 21 Apr 2012,10,23,25,34,41,47,30
Wed 25 Apr 2012,8,13,18,21,40,44,42
Sat 28 Apr 2012,1,3,9,23,37,46,6
Wed 02 May 2012,18,22,25,35,39,41,31
Sat 05 May 2012,4,13,17,26,27,40,36
Wed 09 May 2012,2,7,8,10,22,23,46
Sat 12 May 2012,1,5,18,21,23,33,20
Wed 16 May 2012,5,6,21,41,48,49,37
Sat 19 May 2012,1,19,39,40,42,46,22
Wed 23 May 2012,3,4,18,24,44,49,17
Sat 26 May 2012,2,6,7,15,25,44,45
Wed 30 May 2012,7,14,25,33,45,48,11
Sat 02 Jun 2012,16,18,20,25,29,34,15
Wed 06 Jun 2012,9,17,20,27,37,41,3
Sat 09 Jun 2012,5,14,24,26,37,44,30
Wed 13 Jun 2012,12,25,29,34,45,47,16
Sat 16 Jun 2012,3,19,21,37,40,49,35
Wed 20 Jun 2012,6,10,12,30,36,49,4
Sat 23 Jun 2012,3,25,28,30,39,45,5
Wed 27 Jun 2012,10,22,29,39,46,47,9
Sat 30 Jun 2012,1,18,19,24,30,38,41
Wed 04 Jul 2012,3,9,14,19,34,38,36
Sat 07 Jul 2012,5,22,23,30,33,45,6
Wed 11 Jul 2012,12,19,28,29,38,49,30
Sat 14 Jul 2012,13,27,29,42,43,46,28
Wed 18 Jul 2012,11,26,34,38,40,46,7
Sat 21 Jul 2012,5,14,20,40,41,42,8
Wed 25 Jul 2012,8,14,15,22,41,48,43
Sat 28 Jul 2012,7,10,22,29,43,44,26
Wed 01 Aug 2012,13,20,24,27,33,39,6
Sat 04 Aug 2012,8,10,15,21,23,45,43
Wed 08 Aug 2012,6,14,19,22,30,36,23
Sat 11 Aug 2012,1,5,14,18,34,44,23
Wed 15 Aug 2012,10,14,35,36,37,46,43
Sat 18 Aug 2012,21,27,38,42,44,46,41
Wed 22 Aug 2012,3,11,23,28,30,48,29
Sat 25 Aug 2012,12,18,23,31,44,48,40
Wed 29 Aug 2012,4,7,12,28,32,37,14
Sat 01 Sep 2012,15,30,36,39,41,49,2
Wed 05 Sep 2012,17,22,26,27,39,41,43
Sat 08 Sep 2012,8,15,21,26,28,32,29
Wed 12 Sep 2012,14,16,21,22,24,41,32
Sat 15 Sep 2012,14,18,19,35,44,45,33
Wed 19 Sep 2012,5,14,19,23,33,48,40
Sat 22 Sep 2012,10,13,29,31,36,45,44
Wed 26 Sep 2012,6,8,11,39,40,43,22
Sat 29 Sep 2012,1,6,7,8,25,42,39
Wed 03 Oct 2012,3,9,11,29,45,46,19
Sat 06 Oct 2012,1,11,16,18,27,42,4
Wed 10 Oct 2012,15,19,23,29,30,46,2
Sat 13 Oct 2012,14,26,30,32,36,48,15
Wed 17 Oct 2012,4,7,19,21,39,49,26
Sat 20 Oct 2012,9,10,24,37,39,40,36
Wed 24 Oct 2012,1,10,19,36,47,48,11
Sat 27 Oct 2012,7,14,20,30,33,46,27
Wed 31 Oct 2012,7,30,32,36,40,41,45
Sat 03 Nov 2012,5,7,9,17,20,45,10
Wed 07 Nov 2012,14,19,35,36,40,45,48
Sat 10 Nov 2012,10,23,24,25,30,37,45
Wed 14 Nov 2012,14,15,17,29,30,33,37
Sat 17 Nov 2012,17,19,20,21,25,26,14
Wed 21 Nov 2012,4,12,19,22,36,40,44
Sat 24 Nov 2012,2,4,27,34,39,44,37
Wed 28 Nov 2012,14,28,37,38,45,48,18
Sat 01 Dec 2012,5,27,31,32,38,49,1
Wed 05 Dec 2012,3,4,14,31,48,49,45
Sat 08 Dec 2012,29,33,35,36,45,48,27
Wed 12 Dec 2012,9,15,18,33,38,44,16
Sat 15 Dec 2012,6,19,22,23,28,29,18
Wed 19 Dec 2012,4,26,33,41,48,49,19
Sat 22 Dec 2012,4,14,28,34,43,44,13
Wed 26 Dec 2012,3,11,17,39,47,49,34
Sat 29 Dec 2012,6,8,31,37,40,48,36
Wed 02 Jan 2013,7,9,20,21,30,37,42
Sat 05 Jan 2013,10,15,17,21,37,47,2
Wed 09 Jan 2013,5,21,24,25,39,48,32
Sat 12 Jan 2013,3,7,11,12,24,27,13
Wed 16 Jan 2013,5,12,13,35,38,47,45
Sat 19 Jan 2013,5,9,13,16,35,39,11
Wed 23 Jan 2013,6,10,14,24,32,41,29
Sat 26 Jan 2013,2,6,21,29,34,47,11
Wed 30 Jan 2013,9,10,24,43,47,48,5
Sat 02 Feb 2013,2,12,13,14,21,30,39
Wed 06 Feb 2013,9,10,16,18,27,42,43
Sat 09 Feb 2013,8,10,27,34,40,41,48
Wed 13 Feb 2013,6,14,20,23,29,49,48
Sat 16 Feb 2013,7,20,27,39,46,48,49
Wed 20 Feb 2013,3,6,36,44,45,48,47
Sat 23 Feb 2013,2,16,25,30,31,32,36
Wed 27 Feb 2013,2,14,20,23,24,30,22
Sat 02 Mar 2013,6,9,23,31,35,48,11
Wed 06 Mar 2013,3,9,14,38,42,47,19
Sat 09 Mar 2013,12,19,25,36,44,46,18
Wed 13 Mar 2013,6,8,21,23,41,46,5
Sat 16 Mar 2013,1,11,12,27,48,49,19
Wed 20 Mar 2013,4,11,14,27,43,46,42
Sat 23 Mar 2013,3,14,16,19,37,44,31
Wed 27 Mar 2013,8,10,22,24,37,44,2
Sat 30 Mar 2013,8,15,24,40,43,45,33
Wed 03 Apr 2013,5,11,21,32,42,48,28
Sat 06 Apr 2013,11,21,22,41,47,48,36
Wed 10 Apr 2013,3,16,27,33,36,42,12
Sat 13 Apr 2013,3,13,23,27,41,49,6
Wed 17 Apr 2013,12,14,16,18,20,33,35
Sat 20 Apr 2013,8,34,38,42,44,46,14
Wed 24 Apr 2013,9,11,16,17,18,38,47
Sat 27 Apr 2013,1,13,25,39,41,44,26
Wed 01 May 2013,7,8,11,12,39,42,2
Sat 04 May 2013,11,12,22,27,40,44,37
Wed 08 May 2013,12,15,20,31,33,40,38
Sat 11 May 2013,9,12,24,25,26,43,3
Wed 15 May 2013,4,5,6,20,30,35,34
Sat 18 May 2013,3,5,24,31,48,49,15
Wed 22 May 2013,10,23,35,39,45,46,1
Sat 25 May 2013,5,6,26,30,33,40,43
Wed 29 May 2013,3,5,25,33,34,35,14
Sat 01 Jun 2013,11,13,24,32,34,47,9
Wed 05 Jun 2013,10,18,35,38,41,43,21
Sat 08 Jun 2013,8,9,13,17,41,43,14
Wed 12 Jun 2013,2,7,10,15,17,28,24
Sat 15 Jun 2013,3,4,16,20,33,44,27
Wed 19 Jun 2013,6,9,13,35,36,47,31
Sat 22 Jun 2013,8,24,26,28,36,43,34
Wed 26 Jun 2013,8,11,29,34,40,41,35
Sat 29 Jun 2013,7,13,25,31,34,45,4
Wed 03 Jul 2013,15,27,31,40,41,49,1
Sat 06 Jul 2013,16,24,27,39,45,49,44
Wed 10 Jul 2013,3,9,10,16,20,22,35
Sat 13 Jul 2013,12,15,24,36,45,49,32
Wed 17 Jul 2013,6,24,33,38,42,43,11
Sat 20 Jul 2013,1,3,17,19,39,42,31
Wed 24 Jul 2013,22,26,30,40,42,47,4
Sat 27 Jul 2013,12,13,18,39,43,49,37
Wed 31 Jul 2013,10,16,33,38,40,44,32
Sat 03 Aug 2013,3,5,9,13,17,37,15
Wed 07 Aug 2013,3,16,20,26,28,43,15
Sat 10 Aug 2013,14,15,17,26,35,46,18
Wed 14 Aug 2013,12,18,38,39,45,49,19
Sat 17 Aug 2013,15,25,26,33,34,41,43
Wed 21 Aug 2013,3,4,27,29,47,49,23
Sat 24 Aug 2013,5,20,26,40,42,48,1
Wed 28 Aug 2013,1,5,17,19,37,47,11
Sat 31 Aug 2013,4,14,15,17,21,31,48
Wed 04 Sep 2013,6,7,8,13,24,28,18
Sat 07 Sep 2013,1,11,12,13,35,42,5
Wed 11 Sep 2013,7,24,27,31,40,41,33
Sat 14 Sep 2013,18,20,24,30,39,48,46
Wed 18 Sep 2013,2,4,5,17,22,29,14
Sat 21 Sep 2013,11,15,36,37,38,45,9
Wed 25 Sep 2013,5,7,20,24,30,41,37
Sat 28 Sep 2013,10,12,14,25,46,48,31
Wed 02 Oct 2013,16,17,21,27,30,37,15
Sat 05 Oct 2013,5,15,17,19,20,47,38
Wed 09 Oct 2013,4,11,27,34,36,45,9
Sat 12 Oct 2013,5,12,21,26,33,45,35
Wed 16 Oct 2013,12,15,24,26,31,35,36
Sat 19 Oct 2013,3,12,19,21,29,31,15
Wed 23 Oct 2013,10,18,27,37,41,47,33
Sat 26 Oct 2013,10,14,20,22,45,49,9
